Sheet ID,File,PDF page,Discipline,Exact title-block title,Building/tower scope,Floor/level,Scale,Revision,Revision date,Measurable information,Supersession status,Status,Evidence note
"RITES/BLD/STR/TD/HOUSING(G+6)/100","Tender_drawing_3_TypicalFloor_StructuralHousing_pdf-2025-Aug-28-17-39-16.pdf",16,"Structural","PILE LAYOUT PLAN","Typical Housing Tower","Foundation Level (-18.0m to -2.0m)","1:100","R0","JULY 2025","207 bored cast-in-situ piles (600mm dia) grid coordinates centerlines","CURRENT","LEGIBLE_FOR_TRANSCRIPTION","Pile count (207) and diameter (600mm) are directly visible. Pile depth/length is NOT scheduled on this drawing; 18m depth is assumed from DBR range 15-20m."
"RITES/BLD/STR/TD/HOUSING(G+6)/101","Tender_drawing_3_TypicalFloor_StructuralHousing_pdf-2025-Aug-28-17-39-16.pdf",17,"Structural","PILE CAP LAYOUT PLAN AND REINFORCEMENT DETAILS","Typical Housing Tower","Foundation Level (-2.0m to -0.6m)","1:100","R0","JULY 2025","84 pile caps: 1-pile 2-pile 3-pile 4-pile caps thickness 1.0m reinforcement","CURRENT","PARTIAL_RECONCILIATION_REQUIRED","UNRESOLVED CONTRADICTION: 54 cap entities counted on layout plan vs 84 caps in preliminary summary. Cap depth 1.0m unverified from independent schedule. Pile allocation to caps is unresolved (91 piles unaccounted under strip caps)."
"RITES/BLD/STR/TD/HOUSING(G+6)/102","Tender_drawing_3_TypicalFloor_StructuralHousing_pdf-2025-Aug-28-17-39-16.pdf",18,"Structural","TYPICAL DETAILS FOR PILE COLUMN AND BEAM","Typical Housing Tower","Typical Details","NTS","R0","JULY 2025","Development length Ld hooks lap lengths confining ties grade slab detail","CURRENT","LEGIBLE_FOR_TRANSCRIPTION","Standard structural details are visible. Bar marks and diameters may be read, but official BBS/cut-length schedule is not available."
"RITES/BLD/STR/TD/HOUSING(G+6)/103","Tender_drawing_3_TypicalFloor_StructuralHousing_pdf-2025-Aug-28-17-39-16.pdf",19,"Structural","COLUMN AND SHEAR WALL LAYOUT PLAN","Typical Housing Tower","Stilt to Terrace (+0.3m to +21.3m)","1:100","R0","JULY 2025","49 vertical elements: 16 columns (C1-C3) + 33 shear walls (SW1-SW10)","CURRENT","LEGIBLE_FOR_TRANSCRIPTION","Column and shear wall locations and grid coordinates are directly visible."
"RITES/BLD/STR/TD/HOUSING(G+6)/104","Tender_drawing_3_TypicalFloor_StructuralHousing_pdf-2025-Aug-28-17-39-16.pdf",20,"Structural","COLUMN AND SHEAR WALL REINFORCEMENT DETAILS","Typical Housing Tower","Stilt to Terrace (+0.3m to +21.3m)","1:25 / 1:50","R0","JULY 2025","C1 (14-T32+8-T25) C2 (22-T25) C3 (22-T20) SW1-SW10 bars and confining ties","CURRENT","LEGIBLE_FOR_TRANSCRIPTION","Bar marks, diameters, and counts are visible on this sheet. However, official BBS/cut-length schedule is not available. Cut lengths are derived, not issued by engineer."
"RITES/BLD/STR/TD/HOUSING(G+6)/105","Tender_drawing_3_TypicalFloor_StructuralHousing_pdf-2025-Aug-28-17-39-16.pdf",21,"Structural","PLINTH BEAM LAYOUT PLAN","Typical Housing Tower","Plinth Level (+0.30m)","1:100","R0","JULY 2025","Plinth beams framing PB1 to PB34 tie beams TB1-TB2 grade slabs GS1-GS2","CURRENT","LEGIBLE_FOR_TRANSCRIPTION","Beam framing geometry is legible. Quantities still use 403.5m grid-run and weighted-average cross-sections across repeated floors."
"RITES/BLD/STR/TD/HOUSING(G+6)/106","Tender_drawing_3_TypicalFloor_StructuralHousing_pdf-2025-Aug-28-17-39-16.pdf",22,"Structural","PLINTH BEAM REINFORCEMENT DETAILS","Typical Housing Tower","Plinth Level (+0.30m)","1:25 / 1:50","R0","JULY 2025","Sections for PB1-PB34 top bottom EF and stirrups spacing","CURRENT","LEGIBLE_FOR_TRANSCRIPTION","Bar marks, diameters, and counts are visible. Official BBS/cut-length schedule is not available. Cut lengths are derived, not issued by engineer."
"RITES/BLD/STR/TD/HOUSING(G+6)/107","Tender_drawing_3_TypicalFloor_StructuralHousing_pdf-2025-Aug-28-17-39-16.pdf",23,"Structural","BEAM LAYOUT PLAN FOR TYPICAL FLOORS & SLAB SCHEDULE","Typical Housing Tower","1st to 6th Floors (+3.00 to +21.30m)","1:100","R0","JULY 2025","Floor beams B1-B34 tie beams TB1-TB2 slabs S1-S2 (125mm) sunshades","CURRENT","LEGIBLE_FOR_TRANSCRIPTION","Geometry is legible. Quantities still use repeated-floor and weighted-average assumptions for beam lengths and slab thickness."
"RITES/BLD/STR/TD/HOUSING(G+6)/108","Tender_drawing_3_TypicalFloor_StructuralHousing_pdf-2025-Aug-28-17-39-16.pdf",24,"Structural","BEAM REINFORCEMENT DETAILS FOR TYPICAL FLOORS","Typical Housing Tower","1st to 6th Floors (+3.00 to +21.30m)","1:25 / 1:50","R0","JULY 2025","Longitudinal top/bottom bars cutoffs and stirrup spacing for B1-B34","CURRENT","LEGIBLE_FOR_TRANSCRIPTION","Bar marks, diameters, and counts are visible. Official BBS/cut-length schedule is not available. Cut lengths are derived, not issued by engineer."
"RITES/BLD/STR/TD/HOUSING(G+6)/109","Tender_drawing_3_TypicalFloor_StructuralHousing_pdf-2025-Aug-28-17-39-16.pdf",25,"Structural","MUMTY LEVEL AND WATER TANK BOTTOM LEVEL PLAN","Typical Housing Tower","Mumty Level (+24.00m)","1:100","R0","JULY 2025","Mumty slab 125mm lift machine slab 125mm tank bottom slab 200mm B1-B2","CURRENT","PARTIAL_RECONCILIATION_REQUIRED","OHT wall thickness (150mm) and base slab (200mm) are assumed from standard practice (IS 3370), not from a structural schedule on this sheet. OHT quantities require structural schedule confirmation."
"RITES/BLD/STR/TD/HOUSING(G+6)/110","Tender_drawing_3_TypicalFloor_StructuralHousing_pdf-2025-Aug-28-17-39-16.pdf",26,"Structural","STAIRCASE PLAN & DETAILS - HOUSING BLOCK","Typical Housing Tower","All Floors (Stilt to Terrace)","1:25 / 1:50","R0","JULY 2025","Waist slab 150mm riser 150mm tread 300mm flight width 1.5m landing beams","CURRENT","LEGIBLE_FOR_TRANSCRIPTION","Staircase geometry and reinforcement are legible. Flight dimensions are directly visible."
"RITES/BLD/STR/TD/GH(G+3)/111-128","Tender_drawing_3_TypicalFloor_StructuralHousing_pdf-2025-Aug-28-17-39-16.pdf",27,"Structural","GUEST HOUSE STRUCTURAL DRAWINGS (18 SHEETS)","Guest House (G+3)","Foundation to Roof","1:100","R0","JULY 2025","Guest house foundation columns beams slabs and roof details","NO_SUPERSESSION_EVIDENCE","NOT_RELEVANT","Separate building outside housing tower scope"
"RITES/BLD/STR/TD/CS/129-134","Tender_drawing_3_TypicalFloor_StructuralHousing_pdf-2025-Aug-28-17-39-16.pdf",45,"Structural","COMMUNITY CENTRE STRUCTURAL DRAWINGS (6 SHEETS)","Community Centre (G+1)","Foundation to Roof","1:100","R0","JULY 2025","Community centre foundation columns beams and roof framing","NO_SUPERSESSION_EVIDENCE","NOT_RELEVANT","Separate building outside housing tower scope"
"RITES/BLD/STR/TD/CS/135-143","Tender_drawing_4_Sections_StructuralCommunity_MEP_pdf-2025-Aug-28-17-39-32.pdf",1,"Structural","COMMUNITY CENTRE REINFORCEMENT DETAILS (9 SHEETS)","Community Centre (G+1)","Foundation to Roof","1:25 / 1:50","R0","JULY 2025","Community centre beam and column reinforcement details","NO_SUPERSESSION_EVIDENCE","NOT_RELEVANT","Separate building outside housing tower scope"
"RITES/BLD/STR/TD/ESS/144-150","Tender_drawing_4_Sections_StructuralCommunity_MEP_pdf-2025-Aug-28-17-39-32.pdf",10,"Structural","SUBSTATION STRUCTURAL DRAWINGS (7 SHEETS)","Electrical Substation","Single Storey","1:100","R0","JULY 2025","Substation foundation columns roof framing and trenches","NO_SUPERSESSION_EVIDENCE","NOT_RELEVANT","Separate plant building outside housing tower scope"
