parameter_id,discipline,element_work_item,value,unit,source_document,sheet_page,extraction_method,formula_or_derivation,confidence_tier,assumption_id,validation_status,blocking_issue_missing_evidence,estimation_group
PRM-DIR-001,Architecture / Geometry,Tower Footprint Length,30.08,m,Tender_drawing_1_SitePlan_GroundFloor_pdf-2025-Aug-28-17-38-39.pdf,RITES/BLD/AR/TD/006 (p.10) & STR/TD/105 (p.21),DIRECT_SHEET_OBSERVATION,Directly printed dimension between outer gridlines 1 and 10,DIRECT / HIGH,NONE,VERIFIED_DIRECT_DRAWING_EVIDENCE,None (Evidenced on architectural and structural layout drawings),READY_FOR_DETERMINISTIC_ESTIMATION
PRM-DIR-002,Architecture / Geometry,Tower Footprint Width,16.08,m,Tender_drawing_1_SitePlan_GroundFloor_pdf-2025-Aug-28-17-38-39.pdf,RITES/BLD/AR/TD/006 (p.10) & STR/TD/105 (p.21),DIRECT_SHEET_OBSERVATION,Directly printed dimension between outer gridlines A and F,DIRECT / HIGH,NONE,VERIFIED_DIRECT_DRAWING_EVIDENCE,None (Evidenced on architectural and structural layout drawings),READY_FOR_DETERMINISTIC_ESTIMATION
PRM-DIR-003,Architecture / Geometry,Tower Footprint Gross Area,483.60,sq.m,Tender_drawing_1_SitePlan_GroundFloor_pdf-2025-Aug-28-17-38-39.pdf,RITES/BLD/AR/TD/001 (p.4) & STR/TD/105 (p.21),DIRECT_SHEET_OBSERVATION,30.08m length * 16.08m width,DIRECT / HIGH,NONE,VERIFIED_DIRECT_DRAWING_EVIDENCE,None (Evidenced in area schedule and structural grid plans),READY_FOR_DETERMINISTIC_ESTIMATION
PRM-DIR-004,Project Control / Scope,Single Tower Allocated Plinth Area,3419.38,sq.m,BoQ_3_Plumbing_Sanitary_pdf-2025-Aug-28-17-28-6.pdf,BoQ_3 Item 1.01 (p.1) & AR/TD/001 (p.4),DIRECT_TENDER_AND_SHEET_SCHEDULE,"(7 storeys * 483.60 sq.m) + 34.18 sq.m mumty = 3,419.38 sq.m (exact 1/8 of 27,355.0 sq.m)",DIRECT / HIGH,NONE,VERIFIED_SCOPE_ALLOCATION,None (Binding EPC tender schedule and architectural area schedule concordant),READY_FOR_DETERMINISTIC_ESTIMATION
PRM-DIR-005,Architecture / Geometry,Stilt Floor Plinth Area,483.60,sq.m,Tender_drawing_1_SitePlan_GroundFloor_pdf-2025-Aug-28-17-38-39.pdf,RITES/BLD/AR/TD/001 (p.4),DIRECT_SHEET_OBSERVATION,Directly tabulated on Sheet 001 Area Schedule Table for Stilt Level,DIRECT / HIGH,NONE,VERIFIED_DIRECT_DRAWING_EVIDENCE,None (Tabulated on drawing sheet),READY_FOR_DETERMINISTIC_ESTIMATION
PRM-DIR-006,Architecture / Geometry,Typical Residential Floor Plinth Area (Per Floor),483.60,sq.m,Tender_drawing_1_SitePlan_GroundFloor_pdf-2025-Aug-28-17-38-39.pdf,RITES/BLD/AR/TD/001 (p.4),DIRECT_SHEET_OBSERVATION,"Directly tabulated on Sheet 001 Area Schedule Table for Floors 1 to 6 (total 2,901.60 sq.m)",DIRECT / HIGH,NONE,VERIFIED_DIRECT_DRAWING_EVIDENCE,None (Tabulated on drawing sheet),READY_FOR_DETERMINISTIC_ESTIMATION
PRM-DIR-007,Architecture / Geometry,Terrace Mumty & Machine Room Plinth Area,34.18,sq.m,Tender_drawing_1_SitePlan_GroundFloor_pdf-2025-Aug-28-17-38-39.pdf,RITES/BLD/AR/TD/001 (p.4),DIRECT_SHEET_OBSERVATION,Directly tabulated on Sheet 001 Area Schedule Table for Mumty level,DIRECT / HIGH,NONE,VERIFIED_DIRECT_DRAWING_EVIDENCE,None (Tabulated on drawing sheet),READY_FOR_DETERMINISTIC_ESTIMATION
PRM-DIR-008,Architecture / Planning,Dwelling Units per Floor,4,units,Tender_drawing_1_SitePlan_GroundFloor_pdf-2025-Aug-28-17-38-39.pdf,RITES/BLD/AR/TD/002-007 (pp.5-11),DIRECT_PLAN_OBSERVATION,Direct count of 4 Type-2BHK units per residential floor layout,DIRECT / HIGH,NONE,VERIFIED_DIRECT_DRAWING_EVIDENCE,None (Evidenced on unit architectural layouts),READY_FOR_DETERMINISTIC_ESTIMATION
PRM-DIR-009,Project Control / Scope,Total Dwelling Units per Tower,24,units,BoQ_3_Plumbing_Sanitary_pdf-2025-Aug-28-17-28-6.pdf,BoQ_3 Item 1.01 & AR/TD/002-007,DIRECT_MULTIPLICATION,4 units/floor * 6 residential floors = 24 units (exact 1/8 of 192 total complex units),DIRECT / HIGH,NONE,VERIFIED_SCOPE_ALLOCATION,None (Evidenced in EPC contract schedule and drawings),READY_FOR_DETERMINISTIC_ESTIMATION
PRM-DIR-010,Architecture / Planning,Dwelling Unit Carpet Area (Per Unit),69.00,sq.m,Tender_drawing_1_SitePlan_GroundFloor_pdf-2025-Aug-28-17-38-39.pdf,RITES/BLD/AR/TD/005 (p.9),DIRECT_SHEET_OBSERVATION,Directly printed on Sheet 005 Typical Unit Plan title block: CARPET AREA = 69.00 SQ.M,DIRECT / HIGH,NONE,VERIFIED_DIRECT_DRAWING_EVIDENCE,None (Direct sheet note),READY_FOR_DETERMINISTIC_ESTIMATION
PRM-DIR-011,Architecture / Planning,Dwelling Unit Plinth Area (Per Unit),90.00,sq.m,Tender_drawing_1_SitePlan_GroundFloor_pdf-2025-Aug-28-17-38-39.pdf,RITES/BLD/AR/TD/005 (p.9),DIRECT_SHEET_OBSERVATION,Directly printed on Sheet 005 Typical Unit Plan title block: PLINTH AREA = 90.00 SQ.M,DIRECT / HIGH,NONE,VERIFIED_DIRECT_DRAWING_EVIDENCE,None (Direct sheet note),READY_FOR_DETERMINISTIC_ESTIMATION
PRM-DIR-012,Architecture / Geometry,Storey Profile Count,7,levels,Tender_drawing_1_SitePlan_GroundFloor_pdf-2025-Aug-28-17-38-39.pdf,RITES/BLD/AR/TD/010-013 (pp.14-17),DIRECT_SECTION_OBSERVATION,Stilt Floor + 6 Residential Floors + Mumty/OHT roof level,DIRECT / HIGH,NONE,VERIFIED_DIRECT_DRAWING_EVIDENCE,None (Evidenced on architectural elevations and sections),READY_FOR_DETERMINISTIC_ESTIMATION
PRM-DIR-013,Architecture / Geometry,Stilt Floor Clear Height,3.00,m,Tender_drawing_1_SitePlan_GroundFloor_pdf-2025-Aug-28-17-38-39.pdf,RITES/BLD/AR/TD/012 (p.16),DIRECT_SECTION_OBSERVATION,Finished ground level (+0.00m) to First floor structural level (+3.00m) on Section A-A,DIRECT / HIGH,NONE,VERIFIED_DIRECT_DRAWING_EVIDENCE,None (Directly dimensioned on architectural section),READY_FOR_DETERMINISTIC_ESTIMATION
PRM-DIR-014,Architecture / Geometry,Typical Residential Floor-to-Floor Height,3.05,m,Tender_drawing_1_SitePlan_GroundFloor_pdf-2025-Aug-28-17-38-39.pdf,RITES/BLD/AR/TD/012 (p.16),DIRECT_SECTION_OBSERVATION,Typical residential level-to-level dimension on Section A-A (+3.00m to +21.30m),DIRECT / HIGH,NONE,VERIFIED_DIRECT_DRAWING_EVIDENCE,None (Directly dimensioned on architectural section),READY_FOR_DETERMINISTIC_ESTIMATION
PRM-DIR-015,Architecture / Geometry,Terrace Mumty Clear Height,2.70,m,Tender_drawing_1_SitePlan_GroundFloor_pdf-2025-Aug-28-17-38-39.pdf,RITES/BLD/AR/TD/012 (p.16),DIRECT_SECTION_OBSERVATION,Terrace slab level (+21.30m) to top of mumty slab (+24.00m) on Section A-A,DIRECT / HIGH,NONE,VERIFIED_DIRECT_DRAWING_EVIDENCE,None (Directly dimensioned on architectural section),READY_FOR_DETERMINISTIC_ESTIMATION
PRM-DIR-016,Architecture / Geometry,Single Tower Total Architectural Height,24.00,m,Tender_drawing_1_SitePlan_GroundFloor_pdf-2025-Aug-28-17-38-39.pdf,RITES/BLD/AR/TD/010-013 (pp.14-17),DIRECT_SECTION_OBSERVATION,Finished ground level (+0.00m) to top of mumty roof slab (+24.00m),DIRECT / HIGH,NONE,VERIFIED_DIRECT_DRAWING_EVIDENCE,None (Directly dimensioned on architectural elevation),READY_FOR_DETERMINISTIC_ESTIMATION
PRM-DIR-017,Geotechnical / Substructure,Foundation Bored Piles Total Count,207,piles,Tender_drawing_3_TypicalFloor_StructuralHousing_pdf-2025-Aug-28-17-39-16.pdf,RITES/BLD/STR/TD/HOUSING(G+6)/100 (p.16),DIRECT_VISUAL_COUNT,Direct visual count of 207 pile marker symbols (P) on foundation layout plan,DIRECT / HIGH,NONE,VERIFIED_DIRECT_DRAWING_EVIDENCE,None (Count verified from vector drawing layout),READY_FOR_DETERMINISTIC_ESTIMATION
PRM-DIR-018,Geotechnical / Substructure,Bored Pile Diameter,600,mm,Tender_drawing_3_TypicalFloor_StructuralHousing_pdf-2025-Aug-28-17-39-16.pdf,RITES/BLD/STR/TD/HOUSING(G+6)/100 (p.16) & DBR p.35,DIRECT_SHEET_OBSERVATION,Directly scheduled in Sheet 100 title: TYPICAL ELEVATION OF PILE (600MM DIA) & Note 16,DIRECT / HIGH,NONE,VERIFIED_DIRECT_DRAWING_EVIDENCE,None (Evidenced on structural drawing and DBR),READY_FOR_DETERMINISTIC_ESTIMATION
PRM-DIR-019,Geotechnical / Substructure,Bored Pile Scheduled Vertical Reinforcement,10,nos T20,Tender_drawing_3_TypicalFloor_StructuralHousing_pdf-2025-Aug-28-17-39-16.pdf,RITES/BLD/STR/TD/HOUSING(G+6)/100 (p.16),DIRECT_SHEET_OBSERVATION,Section A-A and typical pile elevation callout: 10-T20 main vertical bars per pile,DIRECT / HIGH,NONE,VERIFIED_DIRECT_DRAWING_EVIDENCE,None (Bar count and diameter scheduled on drawing),READY_FOR_DETERMINISTIC_ESTIMATION
PRM-DIR-020,Geotechnical / Substructure,Bored Pile Confining Ties (Top Zone),125,mm c/c,Tender_drawing_3_TypicalFloor_StructuralHousing_pdf-2025-Aug-28-17-39-16.pdf,RITES/BLD/STR/TD/HOUSING(G+6)/100 (p.16),DIRECT_SHEET_OBSERVATION,Directly scheduled callout: T8 @ 125 c/c 9000 for upper 9.0m seismic confinement zone,DIRECT / HIGH,NONE,VERIFIED_DIRECT_DRAWING_EVIDENCE,None (Scheduled on typical pile elevation),READY_FOR_DETERMINISTIC_ESTIMATION
PRM-DIR-021,Geotechnical / Substructure,Bored Pile Confining Ties (Middle Zone),150,mm c/c,Tender_drawing_3_TypicalFloor_StructuralHousing_pdf-2025-Aug-28-17-39-16.pdf,RITES/BLD/STR/TD/HOUSING(G+6)/100 (p.16),DIRECT_SHEET_OBSERVATION,Directly scheduled callout: T8 @ 150 c/c below upper 9.0m zone,DIRECT / HIGH,NONE,VERIFIED_DIRECT_DRAWING_EVIDENCE,None (Scheduled on typical pile elevation),READY_FOR_DETERMINISTIC_ESTIMATION
PRM-DIR-022,Geotechnical / Substructure,Bored Pile Master Ring Spacing and Size,1500,mm c/c,Tender_drawing_3_TypicalFloor_StructuralHousing_pdf-2025-Aug-28-17-39-16.pdf,RITES/BLD/STR/TD/HOUSING(G+6)/100 (p.16),DIRECT_SHEET_OBSERVATION,Directly scheduled callout: T16 @ 1500 c/c MASTER RING,DIRECT / HIGH,NONE,VERIFIED_DIRECT_DRAWING_EVIDENCE,None (Scheduled on typical pile elevation),READY_FOR_DETERMINISTIC_ESTIMATION
PRM-DIR-023,Geotechnical / Substructure,Bored Pile Safe Axial Bearing Capacity,68,MT/pile,Tender_drawing_3_TypicalFloor_StructuralHousing_pdf-2025-Aug-28-17-39-16.pdf,RITES/BLD/STR/TD/HOUSING(G+6)/100 (p.16),DIRECT_SHEET_OBSERVATION,Directly stated in Sheet 100 General Note 16 per site soil investigation report,DIRECT / HIGH,NONE,VERIFIED_DIRECT_DRAWING_EVIDENCE,None (Directly stated in drawing notes),READY_FOR_DETERMINISTIC_ESTIMATION
PRM-DIR-024,Structural Framing / Superstructure,Framed Columns Total Count per Floor,16,columns,Tender_drawing_3_TypicalFloor_StructuralHousing_pdf-2025-Aug-28-17-39-16.pdf,RITES/BLD/STR/TD/HOUSING(G+6)/103 & 104 (p.20),DIRECT_VISUAL_COUNT,Direct count: 4 C1 + 8 C2 + 4 C3 = 16 columns per level,DIRECT / HIGH,NONE,VERIFIED_DIRECT_DRAWING_EVIDENCE,None (Directly counted and scheduled on Sheet 104),READY_FOR_DETERMINISTIC_ESTIMATION
PRM-DIR-025,Structural Framing / Superstructure,Column C1 Cross-Section Dimensions,1200x350,mm,Tender_drawing_3_TypicalFloor_StructuralHousing_pdf-2025-Aug-28-17-39-16.pdf,RITES/BLD/STR/TD/HOUSING(G+6)/104 (p.20),DIRECT_SHEET_OBSERVATION,Directly scheduled cross-section table for Column C1 (Count: 4 nos per floor),DIRECT / HIGH,NONE,VERIFIED_DIRECT_DRAWING_EVIDENCE,None (Scheduled on Sheet 104),READY_FOR_DETERMINISTIC_ESTIMATION
PRM-DIR-026,Structural Framing / Superstructure,Column C1 Scheduled Main Rebar,14-T32 + 8-T25,bars,Tender_drawing_3_TypicalFloor_StructuralHousing_pdf-2025-Aug-28-17-39-16.pdf,RITES/BLD/STR/TD/HOUSING(G+6)/104 (p.20),DIRECT_SHEET_OBSERVATION,Directly scheduled rebar callout for Column C1 (22 longitudinal bars total),DIRECT / HIGH,NONE,VERIFIED_DIRECT_DRAWING_EVIDENCE,None (Scheduled on Sheet 104),READY_FOR_DETERMINISTIC_ESTIMATION
PRM-DIR-027,Structural Framing / Superstructure,Column C2 Cross-Section Dimensions,1200x300,mm,Tender_drawing_3_TypicalFloor_StructuralHousing_pdf-2025-Aug-28-17-39-16.pdf,RITES/BLD/STR/TD/HOUSING(G+6)/104 (p.20),DIRECT_SHEET_OBSERVATION,Directly scheduled cross-section table for Column C2 (Count: 8 nos per floor),DIRECT / HIGH,NONE,VERIFIED_DIRECT_DRAWING_EVIDENCE,None (Scheduled on Sheet 104),READY_FOR_DETERMINISTIC_ESTIMATION
PRM-DIR-028,Structural Framing / Superstructure,Column C2 Scheduled Main Rebar,22-T25,bars,Tender_drawing_3_TypicalFloor_StructuralHousing_pdf-2025-Aug-28-17-39-16.pdf,RITES/BLD/STR/TD/HOUSING(G+6)/104 (p.20),DIRECT_SHEET_OBSERVATION,Directly scheduled rebar callout for Column C2 (22 longitudinal bars total),DIRECT / HIGH,NONE,VERIFIED_DIRECT_DRAWING_EVIDENCE,None (Scheduled on Sheet 104),READY_FOR_DETERMINISTIC_ESTIMATION
PRM-DIR-029,Structural Framing / Superstructure,Column C3 Cross-Section Dimensions,1200x300,mm,Tender_drawing_3_TypicalFloor_StructuralHousing_pdf-2025-Aug-28-17-39-16.pdf,RITES/BLD/STR/TD/HOUSING(G+6)/104 (p.20),DIRECT_SHEET_OBSERVATION,Directly scheduled cross-section table for Column C3 (Count: 4 nos per floor),DIRECT / HIGH,NONE,VERIFIED_DIRECT_DRAWING_EVIDENCE,None (Scheduled on Sheet 104),READY_FOR_DETERMINISTIC_ESTIMATION
PRM-DIR-030,Structural Framing / Superstructure,Column C3 Scheduled Main Rebar,22-T20,bars,Tender_drawing_3_TypicalFloor_StructuralHousing_pdf-2025-Aug-28-17-39-16.pdf,RITES/BLD/STR/TD/HOUSING(G+6)/104 (p.20),DIRECT_SHEET_OBSERVATION,Directly scheduled rebar callout for Column C3 (22 longitudinal bars total),DIRECT / HIGH,NONE,VERIFIED_DIRECT_DRAWING_EVIDENCE,None (Scheduled on Sheet 104),READY_FOR_DETERMINISTIC_ESTIMATION
PRM-DIR-031,Structural Framing / Superstructure,Ductile Shear Wall Elements Count per Floor,33,wall legs,Tender_drawing_3_TypicalFloor_StructuralHousing_pdf-2025-Aug-28-17-39-16.pdf,RITES/BLD/STR/TD/HOUSING(G+6)/103 & 104 (p.20),DIRECT_VISUAL_COUNT,Direct schedule count: 12 SW1 + 4 SW2 + 4 SW3 + 4 SW4 + 4 SW5 + 5 CW segments = 33 legs,DIRECT / HIGH,NONE,VERIFIED_DIRECT_DRAWING_EVIDENCE,None (Directly counted and scheduled on Sheet 104),READY_FOR_DETERMINISTIC_ESTIMATION
PRM-DIR-032,Structural Framing / Superstructure,Shear Wall SW1 Cross-Section Dimensions,1260x230,mm,Tender_drawing_3_TypicalFloor_StructuralHousing_pdf-2025-Aug-28-17-39-16.pdf,RITES/BLD/STR/TD/HOUSING(G+6)/104 (p.20),DIRECT_SHEET_OBSERVATION,Directly scheduled dimensions (Count: 12 nos per floor; boundary zones 300/660/300mm),DIRECT / HIGH,NONE,VERIFIED_DIRECT_DRAWING_EVIDENCE,None (Scheduled on Sheet 104),READY_FOR_DETERMINISTIC_ESTIMATION
PRM-DIR-033,Structural Framing / Superstructure,Shear Wall SW1 Scheduled Vertical Rebar,12-T12 + 4-T12,bars,Tender_drawing_3_TypicalFloor_StructuralHousing_pdf-2025-Aug-28-17-39-16.pdf,RITES/BLD/STR/TD/HOUSING(G+6)/104 (p.20),DIRECT_SHEET_OBSERVATION,Directly scheduled boundary and web reinforcement (16-T12 bars total),DIRECT / HIGH,NONE,VERIFIED_DIRECT_DRAWING_EVIDENCE,None (Scheduled on Sheet 104),READY_FOR_DETERMINISTIC_ESTIMATION
PRM-DIR-034,Structural Framing / Superstructure,Shear Wall SW2 Cross-Section Dimensions,1500x230,mm,Tender_drawing_3_TypicalFloor_StructuralHousing_pdf-2025-Aug-28-17-39-16.pdf,RITES/BLD/STR/TD/HOUSING(G+6)/104 (p.20),DIRECT_SHEET_OBSERVATION,Directly scheduled dimensions (Count: 4 nos per floor; boundary zones 325/850/325mm),DIRECT / HIGH,NONE,VERIFIED_DIRECT_DRAWING_EVIDENCE,None (Scheduled on Sheet 104),READY_FOR_DETERMINISTIC_ESTIMATION
PRM-DIR-035,Structural Framing / Superstructure,Shear Wall SW2 Scheduled Vertical Rebar,12-T16 + 6-T12,bars,Tender_drawing_3_TypicalFloor_StructuralHousing_pdf-2025-Aug-28-17-39-16.pdf,RITES/BLD/STR/TD/HOUSING(G+6)/104 (p.20),DIRECT_SHEET_OBSERVATION,Directly scheduled boundary and web reinforcement (18 bars total),DIRECT / HIGH,NONE,VERIFIED_DIRECT_DRAWING_EVIDENCE,None (Scheduled on Sheet 104),READY_FOR_DETERMINISTIC_ESTIMATION
PRM-DIR-036,Structural Framing / Superstructure,Shear Wall SW3 Cross-Section Dimensions,1380x230,mm,Tender_drawing_3_TypicalFloor_StructuralHousing_pdf-2025-Aug-28-17-39-16.pdf,RITES/BLD/STR/TD/HOUSING(G+6)/104 (p.20),DIRECT_SHEET_OBSERVATION,Directly scheduled dimensions (Count: 4 nos per floor; boundary zones 300/780/300mm),DIRECT / HIGH,NONE,VERIFIED_DIRECT_DRAWING_EVIDENCE,None (Scheduled on Sheet 104),READY_FOR_DETERMINISTIC_ESTIMATION
PRM-DIR-037,Structural Framing / Superstructure,Shear Wall SW3 Scheduled Vertical Rebar,12-T16 + 6-T12,bars,Tender_drawing_3_TypicalFloor_StructuralHousing_pdf-2025-Aug-28-17-39-16.pdf,RITES/BLD/STR/TD/HOUSING(G+6)/104 (p.20),DIRECT_SHEET_OBSERVATION,Directly scheduled boundary and web reinforcement (18 bars total),DIRECT / HIGH,NONE,VERIFIED_DIRECT_DRAWING_EVIDENCE,None (Scheduled on Sheet 104),READY_FOR_DETERMINISTIC_ESTIMATION
PRM-DIR-038,Structural Framing / Superstructure,Shear Wall SW4 Cross-Section Dimensions,2925x230,mm,Tender_drawing_3_TypicalFloor_StructuralHousing_pdf-2025-Aug-28-17-39-16.pdf,RITES/BLD/STR/TD/HOUSING(G+6)/104 (p.20),DIRECT_SHEET_OBSERVATION,Directly scheduled dimensions (Count: 4 nos per floor; boundary zones 600/1725/600mm),DIRECT / HIGH,NONE,VERIFIED_DIRECT_DRAWING_EVIDENCE,None (Scheduled on Sheet 104),READY_FOR_DETERMINISTIC_ESTIMATION
PRM-DIR-039,Structural Framing / Superstructure,Shear Wall SW4 Scheduled Vertical Rebar,24-T12 + 12-T12,bars,Tender_drawing_3_TypicalFloor_StructuralHousing_pdf-2025-Aug-28-17-39-16.pdf,RITES/BLD/STR/TD/HOUSING(G+6)/104 (p.20),DIRECT_SHEET_OBSERVATION,Directly scheduled boundary and web reinforcement (36-T12 bars total),DIRECT / HIGH,NONE,VERIFIED_DIRECT_DRAWING_EVIDENCE,None (Scheduled on Sheet 104),READY_FOR_DETERMINISTIC_ESTIMATION
PRM-DIR-040,Structural Framing / Superstructure,Shear Wall SW5 Cross-Section Dimensions,5030x230,mm,Tender_drawing_3_TypicalFloor_StructuralHousing_pdf-2025-Aug-28-17-39-16.pdf,RITES/BLD/STR/TD/HOUSING(G+6)/104 (p.20),DIRECT_SHEET_OBSERVATION,Directly scheduled dimensions (Count: 4 nos per floor; 5 zones: 775/775/1930/775/775mm),DIRECT / HIGH,NONE,VERIFIED_DIRECT_DRAWING_EVIDENCE,None (Scheduled on Sheet 104),READY_FOR_DETERMINISTIC_ESTIMATION
PRM-DIR-041,Structural Framing / Superstructure,Shear Wall SW5 Scheduled Vertical Rebar,32-T12 + 24-T12 + 14-T12,bars,Tender_drawing_3_TypicalFloor_StructuralHousing_pdf-2025-Aug-28-17-39-16.pdf,RITES/BLD/STR/TD/HOUSING(G+6)/104 (p.20),DIRECT_SHEET_OBSERVATION,Directly scheduled boundary and web reinforcement (70-T12 bars total),DIRECT / HIGH,NONE,VERIFIED_DIRECT_DRAWING_EVIDENCE,None (Scheduled on Sheet 104),READY_FOR_DETERMINISTIC_ESTIMATION
PRM-DIR-042,Structural Framing / Superstructure,Core Wall Segment SW6 Dimensions,2510x230,mm,Tender_drawing_3_TypicalFloor_StructuralHousing_pdf-2025-Aug-28-17-39-16.pdf,RITES/BLD/STR/TD/HOUSING(G+6)/104 (p.20),DIRECT_SHEET_OBSERVATION,Core wall CW1 West segment (Count: 1 no per floor; zones: 1330/590/590mm),DIRECT / HIGH,NONE,VERIFIED_DIRECT_DRAWING_EVIDENCE,None (Scheduled on Sheet 104),READY_FOR_DETERMINISTIC_ESTIMATION
PRM-DIR-043,Structural Framing / Superstructure,Core Wall Segment SW6 Vertical Rebar,28-T12,bars,Tender_drawing_3_TypicalFloor_StructuralHousing_pdf-2025-Aug-28-17-39-16.pdf,RITES/BLD/STR/TD/HOUSING(G+6)/104 (p.20),DIRECT_SHEET_OBSERVATION,10-T12 + 10-T12 + 8-T12 scheduled in CW1 detail table,DIRECT / HIGH,NONE,VERIFIED_DIRECT_DRAWING_EVIDENCE,None (Scheduled on Sheet 104),READY_FOR_DETERMINISTIC_ESTIMATION
PRM-DIR-044,Structural Framing / Superstructure,Core Wall Segment SW7 Dimensions,2880x230,mm,Tender_drawing_3_TypicalFloor_StructuralHousing_pdf-2025-Aug-28-17-39-16.pdf,RITES/BLD/STR/TD/HOUSING(G+6)/104 (p.20),DIRECT_SHEET_OBSERVATION,Core wall CW1 North segment (Count: 1 no per floor; zones: 1680/600/600mm),DIRECT / HIGH,NONE,VERIFIED_DIRECT_DRAWING_EVIDENCE,None (Scheduled on Sheet 104),READY_FOR_DETERMINISTIC_ESTIMATION
PRM-DIR-045,Structural Framing / Superstructure,Core Wall Segment SW7 Vertical Rebar,38-T12,bars,Tender_drawing_3_TypicalFloor_StructuralHousing_pdf-2025-Aug-28-17-39-16.pdf,RITES/BLD/STR/TD/HOUSING(G+6)/104 (p.20),DIRECT_SHEET_OBSERVATION,12-T12 + 12-T12 + (8-T12) + 6-T12 + (8-T12) scheduled in CW1 detail table,DIRECT / HIGH,NONE,VERIFIED_DIRECT_DRAWING_EVIDENCE,None (Scheduled on Sheet 104),READY_FOR_DETERMINISTIC_ESTIMATION
PRM-DIR-046,Structural Framing / Superstructure,Core Wall Segment SW8 Dimensions,3110x230,mm,Tender_drawing_3_TypicalFloor_StructuralHousing_pdf-2025-Aug-28-17-39-16.pdf,RITES/BLD/STR/TD/HOUSING(G+6)/104 (p.20),DIRECT_SHEET_OBSERVATION,Core wall CW1 East segment (Count: 1 no per floor; zones: 1680/830/600mm),DIRECT / HIGH,NONE,VERIFIED_DIRECT_DRAWING_EVIDENCE,None (Scheduled on Sheet 104),READY_FOR_DETERMINISTIC_ESTIMATION
PRM-DIR-047,Structural Framing / Superstructure,Core Wall Segment SW8 Vertical Rebar,34-T12,bars,Tender_drawing_3_TypicalFloor_StructuralHousing_pdf-2025-Aug-28-17-39-16.pdf,RITES/BLD/STR/TD/HOUSING(G+6)/104 (p.20),DIRECT_SHEET_OBSERVATION,12-T12 + 12-T12 + 10-T12 scheduled in CW1 detail table,DIRECT / HIGH,NONE,VERIFIED_DIRECT_DRAWING_EVIDENCE,None (Scheduled on Sheet 104),READY_FOR_DETERMINISTIC_ESTIMATION
PRM-DIR-048,Structural Framing / Superstructure,Core Wall Segment SW9 Dimensions,2780x230,mm,Tender_drawing_3_TypicalFloor_StructuralHousing_pdf-2025-Aug-28-17-39-16.pdf,RITES/BLD/STR/TD/HOUSING(G+6)/104 (p.20),DIRECT_SHEET_OBSERVATION,Core wall CW1 South segment (Count: 1 no per floor; zones: 1630/460/690mm),DIRECT / HIGH,NONE,VERIFIED_DIRECT_DRAWING_EVIDENCE,None (Scheduled on Sheet 104),READY_FOR_DETERMINISTIC_ESTIMATION
PRM-DIR-049,Structural Framing / Superstructure,Core Wall Segment SW9 Vertical Rebar,36-T12,bars,Tender_drawing_3_TypicalFloor_StructuralHousing_pdf-2025-Aug-28-17-39-16.pdf,RITES/BLD/STR/TD/HOUSING(G+6)/104 (p.20),DIRECT_SHEET_OBSERVATION,(8-T12) + 10-T12 + 12-T12 + 10-T12 scheduled in CW1 detail table,DIRECT / HIGH,NONE,VERIFIED_DIRECT_DRAWING_EVIDENCE,None (Scheduled on Sheet 104),READY_FOR_DETERMINISTIC_ESTIMATION
PRM-DIR-050,Structural Framing / Superstructure,Core Wall Segment SW10 Dimensions,2610x230,mm,Tender_drawing_3_TypicalFloor_StructuralHousing_pdf-2025-Aug-28-17-39-16.pdf,RITES/BLD/STR/TD/HOUSING(G+6)/104 (p.20),DIRECT_SHEET_OBSERVATION,Core wall CW1 Dividing wall segment (Count: 1 no per floor; zones: 1380/615/615mm),DIRECT / HIGH,NONE,VERIFIED_DIRECT_DRAWING_EVIDENCE,None (Scheduled on Sheet 104),READY_FOR_DETERMINISTIC_ESTIMATION
PRM-DIR-051,Structural Framing / Superstructure,Core Wall Segment SW10 Vertical Rebar,30-T12,bars,Tender_drawing_3_TypicalFloor_StructuralHousing_pdf-2025-Aug-28-17-39-16.pdf,RITES/BLD/STR/TD/HOUSING(G+6)/104 (p.20),DIRECT_SHEET_OBSERVATION,8-T12 + 10-T12 + 8-T12 + (8-T12) scheduled in CW1 detail table,DIRECT / HIGH,NONE,VERIFIED_DIRECT_DRAWING_EVIDENCE,None (Scheduled on Sheet 104),READY_FOR_DETERMINISTIC_ESTIMATION
PRM-DIR-052,Openings / Joinery,Scheduled Flush Doors Total Count,216,nos,Tender_drawing_1_SitePlan_GroundFloor_pdf-2025-Aug-28-17-38-39.pdf,RITES/BLD/AR/TD/005 (p.9),DIRECT_SCHEDULE_AND_MULTIPLICATION,(2 D1 + 4 D2 + 3 D3) * 4 units/floor * 6 residential floors = 216 doors,DIRECT / HIGH,NONE,VERIFIED_DIRECT_DRAWING_EVIDENCE,None (Evidenced in schedule and unit layouts),READY_FOR_DETERMINISTIC_ESTIMATION
PRM-DIR-053,Openings / Joinery,Door D1 Dimensions (Toilet),800x2100,mm,Tender_drawing_1_SitePlan_GroundFloor_pdf-2025-Aug-28-17-38-39.pdf,RITES/BLD/AR/TD/005 (p.9),DIRECT_SHEET_OBSERVATION,Directly scheduled size on Sheet 005 Schedule of Openings (48 nos tower total),DIRECT / HIGH,NONE,VERIFIED_DIRECT_DRAWING_EVIDENCE,None (Scheduled on Sheet 005),READY_FOR_DETERMINISTIC_ESTIMATION
PRM-DIR-054,Openings / Joinery,Door D2 Dimensions (Bedrooms/Internal),1000x2100,mm,Tender_drawing_1_SitePlan_GroundFloor_pdf-2025-Aug-28-17-38-39.pdf,RITES/BLD/AR/TD/005 (p.9),DIRECT_SHEET_OBSERVATION,Directly scheduled size on Sheet 005 Schedule of Openings (96 nos tower total),DIRECT / HIGH,NONE,VERIFIED_DIRECT_DRAWING_EVIDENCE,None (Scheduled on Sheet 005),READY_FOR_DETERMINISTIC_ESTIMATION
PRM-DIR-055,Openings / Joinery,Door D3 Dimensions (Main Entrance),1050x2100,mm,Tender_drawing_1_SitePlan_GroundFloor_pdf-2025-Aug-28-17-38-39.pdf,RITES/BLD/AR/TD/005 (p.9),DIRECT_SHEET_OBSERVATION,Directly scheduled size on Sheet 005 Schedule of Openings (72 nos tower total),DIRECT / HIGH,NONE,VERIFIED_DIRECT_DRAWING_EVIDENCE,None (Scheduled on Sheet 005),READY_FOR_DETERMINISTIC_ESTIMATION
PRM-DIR-056,Openings / Joinery,Scheduled Windows and Ventilators Total Count,168,nos,Tender_drawing_1_SitePlan_GroundFloor_pdf-2025-Aug-28-17-38-39.pdf,RITES/BLD/AR/TD/005 (p.9),DIRECT_SCHEDULE_AND_MULTIPLICATION,(5 windows + 2 vents) * 4 units/floor * 6 residential floors = 168 openings,DIRECT / HIGH,NONE,VERIFIED_DIRECT_DRAWING_EVIDENCE,None (Evidenced in schedule and unit layouts),READY_FOR_DETERMINISTIC_ESTIMATION
PRM-DIR-057,Openings / Joinery,Window W1 Dimensions (Bedroom),1200x1200,mm,Tender_drawing_1_SitePlan_GroundFloor_pdf-2025-Aug-28-17-38-39.pdf,RITES/BLD/AR/TD/005 (p.9),DIRECT_SHEET_OBSERVATION,"Directly scheduled size on Sheet 005 Schedule of Openings (Sill 900mm, Lintel 2100mm)",DIRECT / HIGH,NONE,VERIFIED_DIRECT_DRAWING_EVIDENCE,None (Scheduled on Sheet 005),READY_FOR_DETERMINISTIC_ESTIMATION
PRM-DIR-058,Openings / Joinery,Window W2 Dimensions (Kitchen),1000x1225,mm,Tender_drawing_1_SitePlan_GroundFloor_pdf-2025-Aug-28-17-38-39.pdf,RITES/BLD/AR/TD/005 (p.9),DIRECT_SHEET_OBSERVATION,"Directly scheduled size on Sheet 005 Schedule of Openings (Sill 1225mm, Lintel 2450mm)",DIRECT / HIGH,NONE,VERIFIED_DIRECT_DRAWING_EVIDENCE,None (Scheduled on Sheet 005),READY_FOR_DETERMINISTIC_ESTIMATION
PRM-DIR-059,Openings / Joinery,Window W3 Dimensions (Staircase Well),2300x1100,mm,Tender_drawing_1_SitePlan_GroundFloor_pdf-2025-Aug-28-17-38-39.pdf,RITES/BLD/AR/TD/005 (p.9),DIRECT_SHEET_OBSERVATION,"Directly scheduled size on Sheet 005 Schedule of Openings (Sill 1000mm, Lintel 2100mm)",DIRECT / HIGH,NONE,VERIFIED_DIRECT_DRAWING_EVIDENCE,None (Scheduled on Sheet 005),READY_FOR_DETERMINISTIC_ESTIMATION
PRM-DIR-060,Openings / Joinery,Window W4 Dimensions (Secondary Window),1200x1200,mm,Tender_drawing_1_SitePlan_GroundFloor_pdf-2025-Aug-28-17-38-39.pdf,RITES/BLD/AR/TD/005 (p.9),DIRECT_SHEET_OBSERVATION,"Directly scheduled size on Sheet 005 Schedule of Openings (Sill 900mm, Lintel 2100mm)",DIRECT / HIGH,NONE,VERIFIED_DIRECT_DRAWING_EVIDENCE,None (Scheduled on Sheet 005),READY_FOR_DETERMINISTIC_ESTIMATION
PRM-DIR-061,Openings / Joinery,Ventilator V1 Dimensions (Attached Toilet),515x875,mm,Tender_drawing_1_SitePlan_GroundFloor_pdf-2025-Aug-28-17-38-39.pdf,RITES/BLD/AR/TD/005 (p.9),DIRECT_SHEET_OBSERVATION,"Directly scheduled size on Sheet 005 Schedule of Openings (Sill 1225mm, Lintel 2100mm)",DIRECT / HIGH,NONE,VERIFIED_DIRECT_DRAWING_EVIDENCE,None (Scheduled on Sheet 005),READY_FOR_DETERMINISTIC_ESTIMATION
PRM-DIR-062,Openings / Joinery,Ventilator V2 Dimensions (Common Toilet),615x875,mm,Tender_drawing_1_SitePlan_GroundFloor_pdf-2025-Aug-28-17-38-39.pdf,RITES/BLD/AR/TD/005 (p.9),DIRECT_SHEET_OBSERVATION,"Directly scheduled size on Sheet 005 Schedule of Openings (Sill 1225mm, Lintel 2100mm)",DIRECT / HIGH,NONE,VERIFIED_DIRECT_DRAWING_EVIDENCE,None (Scheduled on Sheet 005),READY_FOR_DETERMINISTIC_ESTIMATION
PRM-DIR-063,Structural Framing / Stairs,Staircase Flight Geometry,1500w / 150r / 300t / 150ws,mm,Tender_drawing_3_TypicalFloor_StructuralHousing_pdf-2025-Aug-28-17-39-16.pdf,RITES/BLD/STR/TD/HOUSING(G+6)/110 (p.26),DIRECT_SHEET_OBSERVATION,"Flight width 1500mm, Riser 150mm, Tread 300mm, Waist slab 150mm directly scheduled",DIRECT / HIGH,NONE,VERIFIED_DIRECT_DRAWING_EVIDENCE,None (Directly scheduled on Sheet 110),READY_FOR_DETERMINISTIC_ESTIMATION
PRM-DIR-064,Structural Framing / Slabs,Suspended Floor Slab S1 Scheduled Thickness,125,mm,Tender_drawing_3_TypicalFloor_StructuralHousing_pdf-2025-Aug-28-17-39-16.pdf,RITES/BLD/STR/TD/HOUSING(G+6)/107 (p.23),DIRECT_SHEET_OBSERVATION,Directly scheduled two-way slab thickness (Rebar: T8@125 / T8@150 c/c),DIRECT / HIGH,NONE,VERIFIED_DIRECT_DRAWING_EVIDENCE,None (Scheduled on Sheet 107),READY_FOR_DETERMINISTIC_ESTIMATION
PRM-DIR-065,Structural Framing / Slabs,Suspended Floor Slab S2 Scheduled Thickness,125,mm,Tender_drawing_3_TypicalFloor_StructuralHousing_pdf-2025-Aug-28-17-39-16.pdf,RITES/BLD/STR/TD/HOUSING(G+6)/107 (p.23),DIRECT_SHEET_OBSERVATION,Directly scheduled two-way slab thickness (Rebar: T10@125 / T10@150 c/c),DIRECT / HIGH,NONE,VERIFIED_DIRECT_DRAWING_EVIDENCE,None (Scheduled on Sheet 107),READY_FOR_DETERMINISTIC_ESTIMATION
PRM-DIR-066,Structural Materials / Specifications,Structural Concrete Characteristic Strength (RCC),M30,grade,Tender_drawing_3_TypicalFloor_StructuralHousing_pdf-2025-Aug-28-17-39-16.pdf,Sheet STR/TD/100 Note 5 & DBR Section 3 p.35,DIRECT_DOCUMENT_OBSERVATION,Characteristic compressive cube strength 30 N/sq.mm at 28 days for all RCC members,DIRECT / HIGH,NONE,VERIFIED_DIRECT_DRAWING_EVIDENCE,None (Specified in drawing notes and DBR),READY_FOR_DETERMINISTIC_ESTIMATION
PRM-DIR-067,Structural Materials / Specifications,Structural Steel Rebar Specification (TMT),Fe 550D / Fe 500D,grade,Tender_drawing_3_TypicalFloor_StructuralHousing_pdf-2025-Aug-28-17-39-16.pdf,Sheet STR/TD/100 Note 7 & DBR Section 3 p.35,DIRECT_DOCUMENT_OBSERVATION,High ductility thermo-mechanically treated reinforcement bars conforming to IS 1786,DIRECT / HIGH,NONE,VERIFIED_DIRECT_DRAWING_EVIDENCE,None (Specified in drawing notes and DBR),READY_FOR_DETERMINISTIC_ESTIMATION
PRM-DIR-068,Structural Materials / Specifications,Lean Concrete Specification (PCC),M10,grade,DBR_Design_Basis_Report_pdf-2025-Aug-28-17-46-57.pdf,DBR Section 3 p.35 & Specifications,DIRECT_DOCUMENT_OBSERVATION,Nominal mix 1:5:10 plain cement concrete for foundation leveling course,DIRECT / HIGH,NONE,VERIFIED_DIRECT_DRAWING_EVIDENCE,None (Specified in DBR and specifications),READY_FOR_DETERMINISTIC_ESTIMATION
PRM-DIR-069,Structural Materials / Specifications,Seismic Design Parameters,Zone V (Z=0.36),coefficient,DBR_Design_Basis_Report_pdf-2025-Aug-28-17-46-57.pdf,DBR Section 3 p.15,DIRECT_DOCUMENT_OBSERVATION,"Seismic Zone V, Zone factor Z=0.36, Importance factor I=1.2, Response reduction R=5.0 per IS 1893:2016",DIRECT / HIGH,NONE,VERIFIED_DIRECT_DRAWING_EVIDENCE,None (Specified in DBR),READY_FOR_DETERMINISTIC_ESTIMATION
PRM-DIR-070,Structural Materials / Specifications,Design Basic Wind Speed,50,m/s,DBR_Design_Basis_Report_pdf-2025-Aug-28-17-46-57.pdf,DBR Section 3 p.18,DIRECT_DOCUMENT_OBSERVATION,Basic wind speed Vb = 50 m/s for Duliajan/Dibrugarh region per IS 875 (Part 3),DIRECT / HIGH,NONE,VERIFIED_DIRECT_DRAWING_EVIDENCE,None (Specified in DBR),READY_FOR_DETERMINISTIC_ESTIMATION
PRM-EST-001,Geotechnical / Substructure,Bored RCC Pile Depth,18.0,m,DBR_Design_Basis_Report_pdf-2025-Aug-28-17-46-57.pdf & GT_report_310_Pages_pdf-2025-Aug-28-17-46-44.pdf,DBR Section 3 p.35 & GT Report p.42,ENGINEERING_ASSUMPTION_FROM_RANGE,Midpoint of DBR recommended bearing depth range (15.0m to 20.0m below cut-off),ESTIMATED,ASM-001,NOT_VALIDATED_INFERRED,Pile depth not scheduled on Sheet 100; borehole pile termination depth chart missing,ESTIMATED_NOT_TRAINING_READY
PRM-EST-002,Geotechnical / Substructure,Bored RCC Piles Total Concrete Volume,1053.49,m3,Tender_drawing_3_TypicalFloor_StructuralHousing_pdf-2025-Aug-28-17-39-16.pdf,RITES/BLD/STR/TD/HOUSING(G+6)/100 (p.16),FORMULA_DERIVATION_WITH_ASSUMED_DEPTH,"207 piles * (pi/4 * 0.6^2) * 18.00m length = 1,053.49 m3",ESTIMATED,ASM-001,NOT_VALIDATED_EPC_LUMP_SUM_NO_BOQ,Relies on assumed 18m depth (ASM-001); 0% external BOQ validation in EPC contract,ESTIMATED_NOT_TRAINING_READY
PRM-EST-003,Geotechnical / Substructure,Bored RCC Piles Reinforcement Steel,99.24,MT,Tender_drawing_3_TypicalFloor_StructuralHousing_pdf-2025-Aug-28-17-39-16.pdf,RITES/BLD/STR/TD/HOUSING(G+6)/100 (p.16),PARAMETRIC_INTENSITY_DERIVATION,207 piles * 479.4 kg/pile (assumed 18m cage length and 94.2 kg/m3 intensity),ESTIMATED,"ASM-001, ASM-002",NOT_VALIDATED_EPC_LUMP_SUM_NO_BOQ,Official BBS missing; cut lengths not scheduled; 0% external BOQ validation,ESTIMATED_NOT_TRAINING_READY
PRM-EST-004,Structural Substructure,Foundation Pile Cap Count Contradiction,54 vs 84,caps,Tender_drawing_3_TypicalFloor_StructuralHousing_pdf-2025-Aug-28-17-39-16.pdf,RITES/BLD/STR/TD/HOUSING(G+6)/101 (p.17),DRAWING_AUDIT_COMPARISON,54 cap entities identified on Sheet 101 layout vs 84 caps reported in preliminary summary,UNRESOLVED_CONTRADICTION,"ASM-002, ASM-003",NOT_VALIDATED_CONTRADICTION,Contradiction unresolved; 91 piles unaccounted under strip caps; reconciled GA drawing missing,ESTIMATED_NOT_TRAINING_READY
PRM-EST-005,Structural Substructure,Foundation Pile Cap Depth,1.00 vs 0.75,m,Tender_drawing_3_TypicalFloor_StructuralHousing_pdf-2025-Aug-28-17-39-16.pdf,RITES/BLD/STR/TD/HOUSING(G+6)/101 (p.17),CODE_DERIVED_ASSUMPTION_VS_CALLOUT,1.0m historical model assumption (ASM-003) vs 750mm marked on Sheet 101 layout plan,ASSUMPTION_REQUIRED,ASM-003,NOT_VALIDATED_CONTRADICTION,Tabulated schedule of cap thickness for discrete and strip caps missing from Sheet 101,ESTIMATED_NOT_TRAINING_READY
PRM-EST-006,Structural Substructure,Foundation Pile Cap Concrete Volume,185.00 to 208.38,m3,Tender_drawing_3_TypicalFloor_StructuralHousing_pdf-2025-Aug-28-17-39-16.pdf,RITES/BLD/STR/TD/HOUSING(G+6)/101 (p.17),UNRECONCILED_RANGE,Range: 185.00 m3 (preliminary 84-cap summary) to 208.38 m3 (54 layout entities at 750/1000mm),UNRESOLVED_CONTRADICTION,"ASM-002, ASM-003",NOT_VALIDATED_EPC_LUMP_SUM_NO_BOQ,Discrepancy of 23.38 m3 unresolvable without approved contractor foundation schedule,ESTIMATED_NOT_TRAINING_READY
PRM-EST-007,Structural Substructure,Foundation Pile Cap Reinforcement Steel,20.35,MT,Tender_drawing_3_TypicalFloor_StructuralHousing_pdf-2025-Aug-28-17-39-16.pdf,RITES/BLD/STR/TD/HOUSING(G+6)/101 (p.17),PARAMETRIC_INTENSITY_DERIVATION,185.00 m3 * 110 kg/m3 assumed rebar intensity (ASM-002),ASSUMPTION_REQUIRED,ASM-002,NOT_VALIDATED_EPC_LUMP_SUM_NO_BOQ,Arbitrary 110 kg/m3 intensity applied to unreconciled cap concrete; BBS missing,ESTIMATED_NOT_TRAINING_READY
PRM-EST-008,Structural Substructure,PCC Lean Concrete (1:5:10) Volume,18.00,m3,Tender_drawing_3_TypicalFloor_StructuralHousing_pdf-2025-Aug-28-17-39-16.pdf,RITES/BLD/STR/TD/HOUSING(G+6)/101 (p.17),FORMULA_DERIVATION_WITH_ASSUMPTION,240.0 sq.m cap footprint * 0.075m assumed leveling thickness (ASM-003),ESTIMATED,ASM-003,NOT_VALIDATED_EPC_LUMP_SUM_NO_BOQ,Leveling thickness not scheduled on foundation drawings; 0% external BOQ validation,ESTIMATED_NOT_TRAINING_READY
PRM-DIR-PB-VOL,Structural Framing / Substructure,Plinth Beams (PB1-PB34) Concrete Volume,47.61,m3,Tender_drawing_3_TypicalFloor_StructuralHousing_pdf-2025-Aug-28-17-39-16.pdf,RITES/BLD/STR/TD/HOUSING(G+6)/105 (p.21),WEIGHTED_AVERAGE_DERIVATION,403.5m reconciled centerline length * 0.118 m2 weighted average cross-section,ESTIMATED,ASM-005,NOT_VALIDATED_EPC_LUMP_SUM_NO_BOQ,Centerline includes column nodes; bay-by-bay clear spans missing; 0% BOQ validation,ESTIMATED_NOT_TRAINING_READY
PRM-EST-009,Structural Framing / Substructure,Plinth Beams Reinforcement Steel,6.43,MT,Tender_drawing_3_TypicalFloor_StructuralHousing_pdf-2025-Aug-28-17-39-16.pdf,RITES/BLD/STR/TD/HOUSING(G+6)/105 (p.21),PARAMETRIC_INTENSITY_DERIVATION,47.61 m3 * 135 kg/m3 assumed steel intensity (ASM-005),ESTIMATED,ASM-005,NOT_VALIDATED_EPC_LUMP_SUM_NO_BOQ,Parametric steel intensity used; official BBS missing; 0% external BOQ validation,ESTIMATED_NOT_TRAINING_READY
PRM-EST-010,Structural Framing / Substructure,Stilt Grade Slab Concrete Volume,60.45,m3,Tender_drawing_3_TypicalFloor_StructuralHousing_pdf-2025-Aug-28-17-39-16.pdf,RITES/BLD/STR/TD/HOUSING(G+6)/105 (p.21),ADJUSTED_FORMULA_DERIVATION,438.0 sq.m net area * 0.125m uniform (54.75 m3) + 5.70 m3 unmeasured edge thickening,ASSUMPTION_REQUIRED,ASM-003,NOT_VALIDATED_EPC_LUMP_SUM_NO_BOQ,5.70 m3 edge thickening is unmeasured; perimeter haunch details missing; 0% BOQ validation,ESTIMATED_NOT_TRAINING_READY
PRM-EST-011,Structural Framing / Substructure,Stilt Grade Slab Reinforcement Steel,2.72,MT,Tender_drawing_3_TypicalFloor_StructuralHousing_pdf-2025-Aug-28-17-39-16.pdf,RITES/BLD/STR/TD/HOUSING(G+6)/105 (p.21),PARAMETRIC_INTENSITY_DERIVATION,438.0 sq.m * single mesh T8@150 c/c (approx 45 kg/m3 concrete intensity),ESTIMATED,ASM-006,NOT_VALIDATED_EPC_LUMP_SUM_NO_BOQ,Mesh cut lengths and lap details not scheduled; 0% external BOQ validation,ESTIMATED_NOT_TRAINING_READY
PRM-EST-012,Structural Framing / Superstructure,Columns C1-C3 Concrete Volume,126.00,m3,Tender_drawing_3_TypicalFloor_StructuralHousing_pdf-2025-Aug-28-17-39-16.pdf,RITES/BLD/STR/TD/HOUSING(G+6)/104 (p.20),FORMULA_DERIVATION_WITH_REPEATED_HEIGHT,(4 C1*0.42m2 + 8 C2*0.36m2 + 4 C3*0.36m2) * 3.0m assumed clear height * 7 levels,MEDIUM,ASM-004,NOT_VALIDATED_EPC_LUMP_SUM_NO_BOQ,Member height is architectural-section derived; structural column elevations missing; joint deduplication unexecuted,ESTIMATED_NOT_TRAINING_READY
PRM-EST-013,Structural Framing / Superstructure,Columns C1-C3 Reinforcement Steel,52.41,MT,Tender_drawing_3_TypicalFloor_StructuralHousing_pdf-2025-Aug-28-17-39-16.pdf,RITES/BLD/STR/TD/HOUSING(G+6)/104 (p.20),FORMULA_DERIVATION_WITH_CODE_LAP_RULE,"Scheduled bar counts (14-T32+8-T25, 22-T25, 22-T20) * assumed 3.0m length + 50d lap allowance",MEDIUM,ASM-004,NOT_VALIDATED_EPC_LUMP_SUM_NO_BOQ,Official BBS missing; lap staggering and exact cut lengths not issued; 0% BOQ validation,ESTIMATED_NOT_TRAINING_READY
PRM-EST-014,Structural Framing / Superstructure,Shear Walls SW1-SW10 Concrete Volume,349.45,m3,Tender_drawing_3_TypicalFloor_StructuralHousing_pdf-2025-Aug-28-17-39-16.pdf,RITES/BLD/STR/TD/HOUSING(G+6)/104 (p.20),FORMULA_DERIVATION_WITH_REPEATED_HEIGHT,33 wall segments cross-sectional area (16.64 m2) * 3.0m assumed height * 7 levels,MEDIUM,ASM-004,NOT_VALIDATED_EPC_LUMP_SUM_NO_BOQ,Member height is architectural-section derived; joint deduplication unexecuted; 0% BOQ validation,ESTIMATED_NOT_TRAINING_READY
PRM-EST-015,Structural Framing / Superstructure,Shear Walls SW1-SW10 Reinforcement Steel,30.12,MT,Tender_drawing_3_TypicalFloor_StructuralHousing_pdf-2025-Aug-28-17-39-16.pdf,RITES/BLD/STR/TD/HOUSING(G+6)/104 (p.20),FORMULA_DERIVATION_WITH_CODE_LAP_RULE,Scheduled boundary zone bars and web mesh * assumed 3.0m height + 50d lap rule,MEDIUM,ASM-004,NOT_VALIDATED_EPC_LUMP_SUM_NO_BOQ,Official BBS missing; boundary zone links and web cut lengths not tabulated; 0% BOQ validation,ESTIMATED_NOT_TRAINING_READY
PRM-EST-016,Structural Framing / Superstructure,Floor Beams B1-B34 (Floors 1-6) Concrete Volume,289.80,m3,Tender_drawing_3_TypicalFloor_StructuralHousing_pdf-2025-Aug-28-17-39-16.pdf,RITES/BLD/STR/TD/HOUSING(G+6)/107 (p.23),WEIGHTED_AVERAGE_AND_FLOOR_MULTIPLIER,6 floors * 403.5m reconciled centerline length * 0.1197 m2 weighted average cross-section,ESTIMATED,ASM-005,NOT_VALIDATED_EPC_LUMP_SUM_NO_BOQ,Centerline includes column nodes; bay-by-bay clear spans missing; 0% BOQ validation,ESTIMATED_NOT_TRAINING_READY
PRM-EST-017,Structural Framing / Superstructure,Terrace Beams TB1-TB34 Concrete Volume,48.30,m3,Tender_drawing_3_TypicalFloor_StructuralHousing_pdf-2025-Aug-28-17-39-16.pdf,RITES/BLD/STR/TD/HOUSING(G+6)/108 (p.24),WEIGHTED_AVERAGE_DERIVATION,1 floor * 403.5m reconciled centerline length * 0.1197 m2 weighted average cross-section,ESTIMATED,ASM-005,NOT_VALIDATED_EPC_LUMP_SUM_NO_BOQ,Centerline includes column nodes; bay-by-bay clear spans missing; 0% BOQ validation,ESTIMATED_NOT_TRAINING_READY
PRM-EST-018,Structural Framing / Superstructure,Floor & Terrace Beams Reinforcement Steel,47.33,MT,Tender_drawing_3_TypicalFloor_StructuralHousing_pdf-2025-Aug-28-17-39-16.pdf,RITES/BLD/STR/TD/HOUSING(G+6)/107-108 (pp.23-24),PARAMETRIC_INTENSITY_DERIVATION,(289.80 m3 + 48.30 m3) * 140 kg/m3 assumed steel intensity (ASM-005),ESTIMATED,ASM-005,NOT_VALIDATED_EPC_LUMP_SUM_NO_BOQ,Parametric 140 kg/m3 intensity across 7 levels; official BBS missing; 0% BOQ validation,ESTIMATED_NOT_TRAINING_READY
PRM-EST-019,Structural Framing / Superstructure,Suspended Floor Slabs (Floors 1-6) Concrete Volume,331.47,m3,Tender_drawing_3_TypicalFloor_StructuralHousing_pdf-2025-Aug-28-17-39-16.pdf,RITES/BLD/STR/TD/HOUSING(G+6)/107 (p.23),WEIGHTED_AVERAGE_AND_FLOOR_MULTIPLIER,6 floors * 424.96 sq.m net area (483.60 - 58.64 core voids) * 0.130m weighted thickness,ESTIMATED,ASM-006,NOT_VALIDATED_EPC_LUMP_SUM_NO_BOQ,Thickness 130mm is assumed weighted average; beam web ribs not deducted; 0% BOQ validation,ESTIMATED_NOT_TRAINING_READY
PRM-EST-020,Structural Framing / Superstructure,Terrace Roof Slab Concrete Volume,55.24,m3,Tender_drawing_3_TypicalFloor_StructuralHousing_pdf-2025-Aug-28-17-39-16.pdf,RITES/BLD/STR/TD/HOUSING(G+6)/108 (p.24),WEIGHTED_AVERAGE_DERIVATION,1 floor * 424.96 sq.m net area * 0.130m weighted thickness,ESTIMATED,ASM-006,NOT_VALIDATED_EPC_LUMP_SUM_NO_BOQ,Thickness 130mm is assumed; panel clear area schedule missing; 0% BOQ validation,ESTIMATED_NOT_TRAINING_READY
PRM-EST-021,Structural Framing / Superstructure,Suspended Slabs Reinforcement Steel,36.69,MT,Tender_drawing_3_TypicalFloor_StructuralHousing_pdf-2025-Aug-28-17-39-16.pdf,RITES/BLD/STR/TD/HOUSING(G+6)/107-108 (pp.23-24),PARAMETRIC_INTENSITY_DERIVATION,(331.47 m3 + 55.24 m3) * 89.17 kg/m3 assumed steel intensity (ASM-006),ESTIMATED,ASM-006,NOT_VALIDATED_EPC_LUMP_SUM_NO_BOQ,Parametric 89.17 kg/m3 intensity; panel-by-panel BBS missing; 0% BOQ validation,ESTIMATED_NOT_TRAINING_READY
PRM-EST-022,Structural Framing / Superstructure,Balconies & Chajjas Concrete Volume,20.02,m3,Tender_drawing_3_TypicalFloor_StructuralHousing_pdf-2025-Aug-28-17-39-16.pdf,RITES/BLD/STR/TD/HOUSING(G+6)/107 (p.23),PARAMETRIC_AREA_INTEGRATION,182.0 sq.m projected area across 7 levels * 0.110m average thickness,ESTIMATED,ASM-006,NOT_VALIDATED_EPC_LUMP_SUM_NO_BOQ,Derived without individual architectural chajja/balcony piece schedule; 0% BOQ validation,ESTIMATED_NOT_TRAINING_READY
PRM-EST-023,Structural Framing / Superstructure,Balconies & Chajjas Reinforcement Steel,1.80,MT,Tender_drawing_3_TypicalFloor_StructuralHousing_pdf-2025-Aug-28-17-39-16.pdf,RITES/BLD/STR/TD/HOUSING(G+6)/107 (p.23),PARAMETRIC_INTENSITY_DERIVATION,20.02 m3 * 90 kg/m3 assumed steel intensity (ASM-006),ESTIMATED,ASM-006,NOT_VALIDATED_EPC_LUMP_SUM_NO_BOQ,Parametric steel intensity used; official BBS missing; 0% external BOQ validation,ESTIMATED_NOT_TRAINING_READY
PRM-EST-024,Structural Framing / Stairs,Doglegged Staircase Cores Concrete Volume,26.60,m3,Tender_drawing_3_TypicalFloor_StructuralHousing_pdf-2025-Aug-28-17-39-16.pdf,RITES/BLD/STR/TD/HOUSING(G+6)/110 (p.26),SCHEDULED_FLIGHT_MULTIPLICATION,28 flights * 0.95 m3 per flight (waist slab + steps + landings),MEDIUM,ASM-004,NOT_VALIDATED_EPC_LUMP_SUM_NO_BOQ,Flight geometry scheduled on Sheet 110; repeated flight multiplier across 7 levels; 0% BOQ validation,ESTIMATED_NOT_TRAINING_READY
PRM-EST-025,Structural Framing / Stairs,Doglegged Staircases Reinforcement Steel,2.92,MT,Tender_drawing_3_TypicalFloor_StructuralHousing_pdf-2025-Aug-28-17-39-16.pdf,RITES/BLD/STR/TD/HOUSING(G+6)/110 (p.26),SCHEDULED_FLIGHT_REBAR_MULTIPLICATION,28 flights * direct scheduled flight rebar (104.3 kg/flight),MEDIUM,ASM-004,NOT_VALIDATED_EPC_LUMP_SUM_NO_BOQ,Flight rebar scheduled on Sheet 110; official contractor BBS missing; 0% BOQ validation,ESTIMATED_NOT_TRAINING_READY
PRM-EST-026,Structural Framing / Superstructure,Mumty Structure Concrete Volume,16.77,m3,Tender_drawing_3_TypicalFloor_StructuralHousing_pdf-2025-Aug-28-17-39-16.pdf,RITES/BLD/STR/TD/HOUSING(G+6)/109 (p.25),FORMULA_DERIVATION_WITH_SCHEDULED_DIMS,8 mumty columns (6.74 m3) + mumty perimeter walls and roof slab (10.03 m3),MEDIUM,ASM-004,NOT_VALIDATED_EPC_LUMP_SUM_NO_BOQ,Minor pedestal and haunch dimensions estimated; 0% external BOQ validation,ESTIMATED_NOT_TRAINING_READY
PRM-EST-027,Structural Framing / Superstructure,Mumty Structure Reinforcement Steel,1.29,MT,Tender_drawing_3_TypicalFloor_StructuralHousing_pdf-2025-Aug-28-17-39-16.pdf,RITES/BLD/STR/TD/HOUSING(G+6)/109 (p.25),FORMULA_DERIVATION_WITH_SCHEDULED_DIMS,Scheduled mumty column rebar (0.58 MT) + wall and roof slab links (0.71 MT),MEDIUM,ASM-004,NOT_VALIDATED_EPC_LUMP_SUM_NO_BOQ,Official contractor BBS missing; 0% external BOQ validation,ESTIMATED_NOT_TRAINING_READY
PRM-EST-028,Structural Framing / Miscellaneous,Overhead Water Tank (OHT) Concrete Volume,16.50,m3,Tender_drawing_3_TypicalFloor_StructuralHousing_pdf-2025-Aug-28-17-39-16.pdf,RITES/BLD/STR/TD/HOUSING(G+6)/109 (p.25),CODE_ASSUMPTION_DERIVATION,"Twin compartment tank geometry (assumed 150mm walls, 200mm base slab per IS 3370)",ASSUMPTION_REQUIRED,ASM-010,NOT_VALIDATED_EPC_LUMP_SUM_NO_BOQ,OHT wall thickness NOT visible on Sheet 109; wall rebar NOT scheduled; 0% BOQ validation,ESTIMATED_NOT_TRAINING_READY
PRM-EST-029,Structural Framing / Miscellaneous,Overhead Water Tank (OHT) Reinforcement Steel,1.98,MT,Tender_drawing_3_TypicalFloor_StructuralHousing_pdf-2025-Aug-28-17-39-16.pdf,RITES/BLD/STR/TD/HOUSING(G+6)/109 (p.25),PARAMETRIC_INTENSITY_DERIVATION,16.50 m3 * 120 kg/m3 assumed water-retaining rebar intensity (ASM-010),ASSUMPTION_REQUIRED,ASM-010,NOT_VALIDATED_EPC_LUMP_SUM_NO_BOQ,OHT structural detailing sheet missing; BBS missing; 0% external BOQ validation,ESTIMATED_NOT_TRAINING_READY
PRM-EST-030,Architectural / Masonry,External 230mm Brick Masonry Volume,216.80,m3,Tender_drawing_1_SitePlan_GroundFloor_pdf-2025-Aug-28-17-38-39.pdf,RITES/BLD/AR/TD/005-012 (pp.9-16),SYNTHETIC_RATIO_DERIVATION,Gross external wall area * 0.23m * (1 - 0.23 assumed opening deduction ratio),ESTIMATED,ASM-007,NOT_VALIDATED_EPC_LUMP_SUM_NO_BOQ,Synthetic 23% opening ratio used; bay-by-bay clear wall heights under beam soffits missing,ESTIMATED_NOT_TRAINING_READY
PRM-EST-031,Architectural / Masonry,Internal 115mm Partition Brick Masonry Volume,406.85,m3,Tender_drawing_1_SitePlan_GroundFloor_pdf-2025-Aug-28-17-38-39.pdf,RITES/BLD/AR/TD/005-007 (pp.9-11),SYNTHETIC_RATIO_DERIVATION,Gross internal wall length * clear height * 0.115m * (1 - 0.10 assumed deduction ratio),ESTIMATED,ASM-008,NOT_VALIDATED_EPC_LUMP_SUM_NO_BOQ,Synthetic 10% opening ratio used; wall centerlines do not deduct concrete column block-outs,ESTIMATED_NOT_TRAINING_READY
PRM-EST-032,Architectural / Masonry,Total Brick Masonry Volume,623.65,m3,Tender_drawing_1_SitePlan_GroundFloor_pdf-2025-Aug-28-17-38-39.pdf,RITES/BLD/AR/TD/005-012 (pp.9-16),DERIVED_SUMMATION,External (216.80 m3) + Internal (406.85 m3) = 623.65 m3 (0.182 m3/sq.m plinth),ESTIMATED,"ASM-007, ASM-008",NOT_VALIDATED_EPC_LUMP_SUM_NO_BOQ,Relies on synthetic opening ratios; dimensioned wall centerline layout plan missing; 0% BOQ validation,ESTIMATED_NOT_TRAINING_READY
PRM-EST-033,Architectural / Finishes,Total Cement Plaster Surface Area,14850.00,sq.m,Tender_drawing_1_SitePlan_GroundFloor_pdf-2025-Aug-28-17-38-39.pdf,RITES/BLD/AR/TD/006-013 (pp.10-17),SURFACE_RATIO_DERIVATION,"Internal 12mm (11,450 sq.m) + External 18mm (3,400 sq.m) based on gross surface area ratios",ESTIMATED,ASM-009,NOT_VALIDATED_EPC_LUMP_SUM_NO_BOQ,Gross elevation envelopes minus openings and beam soffit drop schedules missing; 0% BOQ validation,ESTIMATED_NOT_TRAINING_READY
PRM-EST-034,Architectural / Finishes,Total Tile & Stone Flooring Area,2700.00,sq.m,Tender_drawing_1_SitePlan_GroundFloor_pdf-2025-Aug-28-17-38-39.pdf,RITES/BLD/AR/TD/005-007 & STR/TD/110,CARPET_AREA_APPROXIMATION,"Vitrified 600x600 (1,848 sq.m) + Ceramic anti-skid (372 sq.m) + Kota stone (480 sq.m)",ESTIMATED,ASM-009,NOT_VALIDATED_EPC_LUMP_SUM_NO_BOQ,Carpet area approximations used; corridor bay lengths and door threshold deductions missing,ESTIMATED_NOT_TRAINING_READY
PRM-EST-035,Architectural / Finishes,Total Painting Surface Area,14850.00,sq.m,Technical Specifications / Tender Documents,Tender Specifications,PLASTER_SURFACE_EQUIVALENCE,Estimated as equivalent to total gross cement plaster area (internal + external surfaces),ESTIMATED,ASM-009,NOT_VALIDATED_EPC_LUMP_SUM_NO_BOQ,Derived indirectly from gross plaster area; trade-specific schedules missing; 0% BOQ validation,ESTIMATED_NOT_TRAINING_READY
PRM-EST-036,Structural Framing / Substructure,Substructure RCC M30 Concrete Volume,1346.55,m3,All Structural Drawings,Sheets STR/TD/100 to 106,DERIVED_SUMMATION,Piles (1053.49 m3) + Caps (185.00 m3) + Plinth Beams (47.61 m3) + Grade Slab (60.45 m3),ESTIMATED,"ASM-001, ASM-002, ASM-003, ASM-005",NOT_VALIDATED_EPC_LUMP_SUM_NO_BOQ,Dominated by unverified 18m pile depth (1053.49 m3) and unreconciled cap count; 0% BOQ validation,ESTIMATED_NOT_TRAINING_READY
PRM-EST-037,Structural Framing / Superstructure,Superstructure RCC M30 Concrete Volume,1271.00,m3,All Structural Drawings,Sheets STR/TD/103 to 110,DERIVED_SUMMATION,Columns (126.00) + Walls (349.45) + Beams (338.10) + Slabs (386.71) + Stairs/Mumty/OHT/Balc (70.74),ESTIMATED,"ASM-004, ASM-005, ASM-006, ASM-010",NOT_VALIDATED_EPC_LUMP_SUM_NO_BOQ,Dominated by averaged beam/slab sections and assumed floor heights; 0% BOQ validation,ESTIMATED_NOT_TRAINING_READY
PRM-EST-038,Structural Concrete / Total,Total RCC M30 Concrete Volume (Single Tower),2617.55,m3,All Structural Drawings,Sheets STR/TD/100 to 110,DERIVED_SUMMATION,"Substructure (1,346.55 m3) + Superstructure (1,271.00 m3) = 2,617.55 m3 (0.766 m3/sq.m plinth)",ESTIMATED,ASM-001 through ASM-010,NOT_VALIDATED_EPC_LUMP_SUM_NO_BOQ,0% external BOQ validation; contract is EPC Mode-II lump sum; drawing-based takeoff requires reconciliation,ESTIMATED_NOT_TRAINING_READY
PRM-EST-039,Structural Reinforcement / Substructure,Substructure Reinforcement Steel (Single Tower),128.74,MT,All Structural Drawings,Sheets STR/TD/100 to 106,DERIVED_SUMMATION,Piles (99.24 MT) + Caps (20.35 MT) + Plinth Beams (6.43 MT) + Grade Slab (2.72 MT),ESTIMATED,"ASM-001, ASM-002, ASM-003, ASM-005, ASM-006",NOT_VALIDATED_EPC_LUMP_SUM_NO_BOQ,Official BBS missing; pile cage length unverified; cap intensity arbitrary; 0% BOQ validation,ESTIMATED_NOT_TRAINING_READY
PRM-EST-040,Structural Reinforcement / Superstructure,Superstructure Reinforcement Steel (Single Tower),172.11,MT,All Structural Drawings,Sheets STR/TD/103 to 110,DERIVED_SUMMATION,Columns (52.41 MT) + Walls (30.12 MT) + Beams (47.33 MT) + Slabs (36.69 MT) + Misc/Stairs (5.56 MT),ESTIMATED,"ASM-004, ASM-005, ASM-006, ASM-010",NOT_VALIDATED_EPC_LUMP_SUM_NO_BOQ,Official BBS missing; beam and slab parametric intensities; 0% external BOQ validation,ESTIMATED_NOT_TRAINING_READY
PRM-EST-041,Structural Reinforcement / Total,Total Reinforcement Steel (Single Tower),300.85,MT,All Structural Drawings,Sheets STR/TD/100 to 110,DERIVED_SUMMATION,Substructure (128.74 MT) + Superstructure (172.11 MT) = 300.85 MT (87.98 kg/sq.m plinth),ESTIMATED,ASM-001 through ASM-010,NOT_VALIDATED_EPC_LUMP_SUM_NO_BOQ,0% external BOQ validation; no shop BBS; drawing-based takeoff estimate,ESTIMATED_NOT_TRAINING_READY
PRM-EST-042,Commercial / Cost,Single Tower Pro-Rata Contract Cost Benchmark,160175000,INR,status_of_Tender_dealt_Dec_2025_Badri_Rai_Award.pdf,Official RITES Tender-Dealt Status Dec 2025 (p.1),PRO_RATA_MATHEMATICAL_BENCHMARK,Total Contract Award Value (INR 128.14 Cr excl GST) / 8 residential towers = INR 16.0175 Cr,ESTIMATED,NONE,NOT_VALIDATED_PRO_RATA_BENCHMARK_ONLY,Contract is EPC Mode-II lump sum; no tower-specific itemized priced BOQ exists; cost accuracy = NOT CALCULATED,ESTIMATED_NOT_TRAINING_READY
PRM-EST-043,Project Schedule / Duration,Single Tower Construction Duration,NOT_CALCULATED,months,status_of_Tender_dealt_Dec_2025_Badri_Rai_Award.pdf,Official RITES Tender-Dealt Status Dec 2025 (p.1),CONTRACT_PACKAGE_BASELINE_ONLY,Contract duration is 24 months for 8 towers + 4 ancillary buildings + campus infrastructure; single tower duration not calculated,ASSUMPTION_REQUIRED,NONE,NOT_VALIDATED_NO_STANDALONE_SCHEDULE,"Duration model strictly blocked pending foundation schedule resolution, BBS, and approved contractor master CPM schedule",ESTIMATED_NOT_TRAINING_READY
PRM-EST-044,Labour & Productivity,Construction Labour Mandays,NOT_CALCULATED,mandays,None,None,NO_CALCULATION_PERMITTED,No labour model run. Calculation strictly prohibited under evidence control rules,ASSUMPTION_REQUIRED,NONE,NOT_VALIDATED_NO_LABOUR_MODEL,"Labour model strictly blocked pending foundation schedule resolution, deterministic BBS cut lengths, and contractor daily reports",ESTIMATED_NOT_TRAINING_READY
