Document Search Query,Source Type,URL or Path,Search Date,Results Found,Project Match,Document Type Found,Contains Technical Schedules,Accepted/Rejected/Quarantined,Reason
"RITES/NERPO/OIL/BQ-HOUSING/25" pile schedule BBS BOQ,Web - Google,rites.com / etenders.gov.in,2026-09-17,Generic tender listing only,YES - tender reference matches,Tender listing page,NO - no pile schedule or BBS found,REJECTED,Only generic tender info; no technical schedules available publicly
"Construction of Workman Housing Complex BQ Area Duliajan" bar bending schedule OR pile cap schedule,Web - Google,Multiple aggregator sites,2026-09-17,Project references only,YES - project title matches,Tender aggregator listings,NO - no BBS or pile cap schedule found,REJECTED,Aggregator sites confirm tender exists but do not host technical documents
site:eprocure.gov.in "2025_RITES_246752_1",Web - eProcure,etenders.gov.in,2026-09-17,No results,N/A,N/A,N/A,REJECTED,Tender ID not found on eProcure archive — likely removed or was hosted on RITES own portal
"Badri Rai" RITES OIL Duliajan housing price schedule OR rate analysis OR BOQ OR cost breakdown,Web - Google,No actionable results,2026-09-17,Generic project references only,YES - contractor and project match,Award confirmation only,NO - no price schedule or BOQ found,REJECTED,Award value confirmed (128.14 Cr) but no itemized cost breakdown publicly available
RITES NERPO BQ-HOUSING corrigendum technical drawings 2025,Web - Google,rites.com archive,2026-09-17,Tender process confirmed as closed Dec 2025,YES,Tender status page,NO - corrigendum PDFs not downloadable,REJECTED,Tender portal confirms award to Badri Rai but does not offer document download post-award
"Oil India" BQ Housing Duliajan RITES foundation drawing OR working drawing OR shop drawing,Web - Google,oil-india.com / rites.com,2026-09-17,Portal login required,PARTIAL,eProcurement portal,NO - requires registered bidder login,REJECTED,OIL eProcurement portal requires authentication; documents not publicly browsable
RITES OIL Duliajan workman housing corrigendum filetype:pdf,Web - Google,No downloadable PDFs,2026-09-17,No direct PDF links found,YES,N/A,N/A,REJECTED,No corrigendum PDFs found in public search results
RITES status of tender dealt December 2025 NERPO OIL housing,Web - Google,rites.com,2026-09-17,Award details confirmed,YES - exact match,Tender status summary,NO - status only (no technical docs),ACCEPTED_AS_CONFIRMATION,Confirms Badri Rai award ₹128.14 Cr / 24 months — already in dataset
Corrigendum-Reply_to_Queries_pdf-2025-Sep-17-09-35-31.pdf,Web - RITES Official,https://www.rites.com/Upload/Tender/Corrigendum-Reply_to_Queries_pdf-2025-Sep-17-09-35-31.pdf,2026-09-17,1 official PDF downloaded (2.88 MB 12 pages),YES - exact tender match (2025_RITES_246752_1 / RITES/NERPO/OIL/BQ-HOUSING/25),Pre-bid query clarification document,NO - contains 14 contractual/commercial query replies (no pile/cap/BBS schedule),ACCEPTED_RECOVERED,Successfully recovered official tender addendum. Saved to 01_Tender_NIT_PreBid. Confirms EPC contractor software/design obligations post-award.
NIT_9_pdf-2025-Aug-28-17-28-23.pdf,Web - RITES Official,https://www.rites.com/Upload/Tender/NIT_9_pdf-2025-Aug-28-17-28-23.pdf,2026-09-17,HTTP 404 Not Found,YES - listed in tender manifest,Notice Inviting Tender document,UNKNOWN,NOT_RECOVERABLE_WEB,Official link returned 404 (file removed from RITES public portal following tender award)
Local folder: 99_Unverified_or_Related_References/,Local,99_Unverified_or_Related_References/,2026-09-17,2 PDFs found,NO - 2020 tender,Historical 2020 NIT CPI4685P21,NO,REJECTED,Belongs to older 2020 OIL tender — already quarantined correctly
Local folder: Schedule_of_Finishes PDF,Local,01_Tender_NIT_PreBid/Schedule_of_Finishes_pdf-2025-Aug-28-17-48-28.pdf,2026-09-17,1 PDF found (1.0 MB),YES - same tender package,Finish specification schedule,PARTIAL - specifies finish types not floor-wise quantities,ALREADY_IN_DATASET,Already present; describes finish types/specifications but does NOT contain floor-wise measured quantities
Local folder: Corrigendum-1-Technical PDF,Local,01_Tender_NIT_PreBid/Corrigendum-1-Technical_with_Drawings_Updated_pdf-2025-Sep-17-09-40-28.pdf,2026-09-17,1 PDF found (26.3 MB),YES - same tender,Technical corrigendum with updated drawings,PARTIAL - clarifies technical queries but does not add pile/BBS schedules,ALREADY_IN_DATASET,Already present and audited; does not contain pile schedule or BBS
