project_id,estimated_cost,tender_value,actual_cost,currency,status
AIIMS-Delhi-150-Units-Staff-Quarters,UNKNOWN,UNKNOWN,UNKNOWN,INR,MISSING
BHEL-Township-Jagdishpur,UNKNOWN,UNKNOWN,UNKNOWN,INR,MISSING
BMC-Deonar-600-Tenements,UNKNOWN,UNKNOWN,UNKNOWN,INR,MISSING
CPWD-BSF-Roopnagar-63-Quarters,UNKNOWN,UNKNOWN,UNKNOWN,INR,MISSING
CPWD-EPFO-Borivali-301-Quarters,UNKNOWN,UNKNOWN,UNKNOWN,INR,MISSING
CPWD-RBI-Kharghar-354-Quarters,UNKNOWN,UNKNOWN,UNKNOWN,INR,MISSING
DFCCIL-Jaipur-Staff-Quarters,UNKNOWN,UNKNOWN,UNKNOWN,INR,MISSING
DFCCIL-Sarmatanr-Larabad-Koderma-Quarters,UNKNOWN,UNKNOWN,UNKNOWN,INR,MISSING
EPI-Dhenkanal-ICDS-Staff-Quarters,6.94,6.94,UNKNOWN,INR,VERIFIED
EPI-Trimbakeshwar-EMRS,UNKNOWN,UNKNOWN,UNKNOWN,INR,MISSING
Haryana-RERA-Multi-Tower-Residential-Projects,UNKNOWN,UNKNOWN,UNKNOWN,INR,MISSING
IIT-Hyderabad-Faculty-Housing,UNKNOWN,UNKNOWN,UNKNOWN,INR,MISSING
IIT-Kanpur-Type-II-Apartments,UNKNOWN,UNKNOWN,UNKNOWN,INR,MISSING
K-RIDE-Belandur-Road-Quarters,UNKNOWN,UNKNOWN,UNKNOWN,INR,MISSING
KMRL-Kochi-Metro-Muttom-Quarters,UNKNOWN,UNKNOWN,UNKNOWN,INR,MISSING
MHADA-Goregaon-LIG-MIG-HIG-Tenements,UNKNOWN,UNKNOWN,UNKNOWN,INR,MISSING
MHDC-PMAY-Khairi-Kamptee-Nagpur,UNKNOWN,UNKNOWN,UNKNOWN,INR,MISSING
NBCC-GPRA-Sarojini-Nagar,UNKNOWN,UNKNOWN,UNKNOWN,INR,MISSING
NIT-Nalanda,,,UNKNOWN,INR,VERIFIED
NPCIL-Anuvijay-240-Quarters,UNKNOWN,UNKNOWN,UNKNOWN,INR,MISSING
OIL-RITES-Duliajan-BQ-Housing,UNKNOWN,UNKNOWN,UNKNOWN,INR,MISSING
Paras-Dews-Sector-106-Gurugram,UNKNOWN,UNKNOWN,UNKNOWN,INR,MISSING
Purvanchal-Sunbliss-Sector-22D-Yamuna-Expressway,UNKNOWN,UNKNOWN,UNKNOWN,INR,MISSING
SBI-DN-Nagar-Andheri-122-Flats,UNKNOWN,UNKNOWN,UNKNOWN,INR,MISSING
SBI-Enclave-Hyderabad,UNKNOWN,UNKNOWN,UNKNOWN,INR,MISSING
SBI-GIFT-City-Twin-Towers,UNKNOWN,UNKNOWN,UNKNOWN,INR,MISSING
TCIL-NVS-JNV-Azamgarh-Quarters,UNKNOWN,UNKNOWN,UNKNOWN,INR,MISSING
UP-RERA-Residential-Towers-Floor-Plans,UNKNOWN,UNKNOWN,UNKNOWN,INR,MISSING
WB-PWD-Burdwan-Type-I-II-Quarters,UNKNOWN,UNKNOWN,UNKNOWN,INR,MISSING
WB-RERA-Multi-Tower-Residential-Projects,UNKNOWN,UNKNOWN,UNKNOWN,INR,MISSING
