project_id,drawing_element_id,boq_item_id,relationship_type,mapping_confidence
AIIMS-Delhi-150-Units-Staff-Quarters,UNKNOWN,UNKNOWN,UNMAPPED,MISSING
BHEL-Township-Jagdishpur,UNKNOWN,UNKNOWN,UNMAPPED,MISSING
BMC-Deonar-600-Tenements,UNKNOWN,UNKNOWN,UNMAPPED,MISSING
CPWD-BSF-Roopnagar-63-Quarters,UNKNOWN,UNKNOWN,UNMAPPED,MISSING
CPWD-EPFO-Borivali-301-Quarters,UNKNOWN,UNKNOWN,UNMAPPED,MISSING
CPWD-RBI-Kharghar-354-Quarters,UNKNOWN,UNKNOWN,UNMAPPED,MISSING
DFCCIL-Jaipur-Staff-Quarters,UNKNOWN,UNKNOWN,UNMAPPED,MISSING
DFCCIL-Sarmatanr-Larabad-Koderma-Quarters,UNKNOWN,UNKNOWN,UNMAPPED,MISSING
EPI-Dhenkanal-ICDS-Staff-Quarters,UNKNOWN,UNKNOWN,UNMAPPED,MISSING
EPI-Trimbakeshwar-EMRS,UNKNOWN,UNKNOWN,UNMAPPED,MISSING
Haryana-RERA-Multi-Tower-Residential-Projects,UNKNOWN,UNKNOWN,UNMAPPED,MISSING
IIT-Hyderabad-Faculty-Housing,UNKNOWN,UNKNOWN,UNMAPPED,MISSING
IIT-Kanpur-Type-II-Apartments,UNKNOWN,UNKNOWN,UNMAPPED,MISSING
K-RIDE-Belandur-Road-Quarters,UNKNOWN,UNKNOWN,UNMAPPED,MISSING
KMRL-Kochi-Metro-Muttom-Quarters,UNKNOWN,UNKNOWN,UNMAPPED,MISSING
MHADA-Goregaon-LIG-MIG-HIG-Tenements,UNKNOWN,UNKNOWN,UNMAPPED,MISSING
MHDC-PMAY-Khairi-Kamptee-Nagpur,UNKNOWN,UNKNOWN,UNMAPPED,MISSING
NBCC-GPRA-Sarojini-Nagar,UNKNOWN,UNKNOWN,UNMAPPED,MISSING
NIT-Nalanda,UNKNOWN,UNKNOWN,UNMAPPED,MISSING
NPCIL-Anuvijay-240-Quarters,UNKNOWN,UNKNOWN,UNMAPPED,MISSING
OIL-RITES-Duliajan-BQ-Housing,UNKNOWN,UNKNOWN,UNMAPPED,MISSING
Paras-Dews-Sector-106-Gurugram,UNKNOWN,UNKNOWN,UNMAPPED,MISSING
Purvanchal-Sunbliss-Sector-22D-Yamuna-Expressway,UNKNOWN,UNKNOWN,UNMAPPED,MISSING
SBI-DN-Nagar-Andheri-122-Flats,UNKNOWN,UNKNOWN,UNMAPPED,MISSING
SBI-Enclave-Hyderabad,UNKNOWN,UNKNOWN,UNMAPPED,MISSING
SBI-GIFT-City-Twin-Towers,UNKNOWN,UNKNOWN,UNMAPPED,MISSING
TCIL-NVS-JNV-Azamgarh-Quarters,UNKNOWN,UNKNOWN,UNMAPPED,MISSING
UP-RERA-Residential-Towers-Floor-Plans,UNKNOWN,UNKNOWN,UNMAPPED,MISSING
WB-PWD-Burdwan-Type-I-II-Quarters,UNKNOWN,UNKNOWN,UNMAPPED,MISSING
WB-RERA-Multi-Tower-Residential-Projects,UNKNOWN,UNKNOWN,UNMAPPED,MISSING
