item_no,sub_head,description,quantity,unit,rate,amount,source_page,extraction_method,confidence
1,Earth Work (Excavation & Filling),"Excavation 487 m³, Backfilling 293 m³ (DSR: 2.8, 2.25)",,,,"184,194.10",Detailed_BOQ_Cost_Abstract_and_Item_Schedule.md,Markdown Extraction,High
2,Plain Cement Concrete (1:4:8 & 1:2:4),"Footings & sub-base lean concrete (DSR: 4.1.3)",,,,"68,361.25",Detailed_BOQ_Cost_Abstract_and_Item_Schedule.md,Markdown Extraction,High
3,Reinforced Cement Concrete (M25),"Beams, columns, suspended slabs, stairs (DSR: 5.1, 5.2)",,,,"6,492,734.88",Detailed_BOQ_Cost_Abstract_and_Item_Schedule.md,Markdown Extraction,High
4,Brick Work (Fly ash / Common burnt clay),"230 mm external & 115 mm internal walls (DSR: 6.1, 6.13)",,,,"1,822,099.70",Detailed_BOQ_Cost_Abstract_and_Item_Schedule.md,Markdown Extraction,High
5,Marble & Stone Veneering,"Gang saw cut Raj Nagar white / Udaipur green (DSR: 8.1, 8.1.1)",,,,"579,320.54",Detailed_BOQ_Cost_Abstract_and_Item_Schedule.md,Markdown Extraction,High
6,Wood Work & PVC Doors / Wire Gauge,"Flush doors 35 mm, Hollock frames, MS grills (DSR: 9.21, 9.27)",,,,"877,357.65",Detailed_BOQ_Cost_Abstract_and_Item_Schedule.md,Markdown Extraction,High
7,Steel Work & Railings,"Pressed steel door frames, SS 304 staircase railing (DSR: 10.14, 10.28)",,,,"546,916.62",Detailed_BOQ_Cost_Abstract_and_Item_Schedule.md,Markdown Extraction,High
8,Flooring (Vitrified & Granite),"500x500 vitrified, Flamed & polished granite (DSR: 11.46, 11.55)",,,,"1,134,123.13",Detailed_BOQ_Cost_Abstract_and_Item_Schedule.md,Markdown Extraction,High
9,Roofing & Waterproofing,"Brick bat coba & APP membrane waterproofing (DSR: 12.1, 12.11)",,,,"195,157.05",Detailed_BOQ_Cost_Abstract_and_Item_Schedule.md,Markdown Extraction,High
10,Finishing (Plastering & Painting),"Cement plaster, Acrylic paint, synthetic enamel (DSR: 13.16, 13.47)",,,,"1,318,130.75",Detailed_BOQ_Cost_Abstract_and_Item_Schedule.md,Markdown Extraction,High
11,Aluminium Work & Glazing,"Anodized aluminium sections & float glass (DSR: 21.1, 21.3)",,,,"862,890.83",Detailed_BOQ_Cost_Abstract_and_Item_Schedule.md,Markdown Extraction,High
