parameter_id,discipline,element_or_work_item,value,unit,source_document,canonical_relative_source_path,sheet_id_or_pdf_page,source_excerpt_or_callout,extraction_method,derivation_status,source_evidence_status,model_readiness_status,confidence_tier,assumption_id,independent_validation_reference,blocking_issue_or_missing_evidence,reviewer_note,is_one_of_10_locked_high_confidence_macro_parameters
PRM-V2-001,Architecture / Geometry,Tower Footprint Length,30.08,m,Tender_drawing_1_SitePlan_GroundFloor_pdf-2025-Aug-28-17-38-39.pdf,04_Architectural_Drawings/Tender_drawing_1_SitePlan_GroundFloor_pdf-2025-Aug-28-17-38-39.pdf,RITES/BLD/AR/TD/006 (p.10),Overall dimension 30080 between outer gridlines 1 and 10,DIRECT_SHEET_OBSERVATION,DIRECT_OBSERVATION,DIRECT_SHEET_OBSERVATION,DIRECT_EVIDENCE_INPUT_NOT_SUFFICIENT_FOR_FULL_TAKEOFF,DIRECT / HIGH,NONE,MATCHES_STRUCTURAL_GRID_STR_TD_105,None (Direct drawing observation),One of the 10 locked macro parameter groups (Footprint Dimensions). Useful geometric boundary but does not validate material quantities.,YES
PRM-V2-002,Architecture / Geometry,Tower Footprint Width,16.08,m,Tender_drawing_1_SitePlan_GroundFloor_pdf-2025-Aug-28-17-38-39.pdf,04_Architectural_Drawings/Tender_drawing_1_SitePlan_GroundFloor_pdf-2025-Aug-28-17-38-39.pdf,RITES/BLD/AR/TD/006 (p.10),Overall dimension 16080 between outer gridlines A and F,DIRECT_SHEET_OBSERVATION,DIRECT_OBSERVATION,DIRECT_SHEET_OBSERVATION,DIRECT_EVIDENCE_INPUT_NOT_SUFFICIENT_FOR_FULL_TAKEOFF,DIRECT / HIGH,NONE,MATCHES_STRUCTURAL_GRID_STR_TD_105,None (Direct drawing observation),One of the 10 locked macro parameter groups (Footprint Dimensions). Useful geometric boundary but does not validate material quantities.,YES
PRM-V2-003,Architecture / Geometry,Tower Footprint Gross Area,483.60,sq.m,Tender_drawing_1_SitePlan_GroundFloor_pdf-2025-Aug-28-17-38-39.pdf,04_Architectural_Drawings/Tender_drawing_1_SitePlan_GroundFloor_pdf-2025-Aug-28-17-38-39.pdf,RITES/BLD/AR/TD/001 (p.4),Area Schedule Table: PLINTH AREA (TYPICAL FLOOR) = 483.60 SQ.M,DIRECT_SHEET_OBSERVATION,DIRECT_OBSERVATION,DIRECT_SHEET_OBSERVATION,DIRECT_EVIDENCE_INPUT_NOT_SUFFICIENT_FOR_FULL_TAKEOFF,DIRECT / HIGH,NONE,CONFIRMED_BY_MULTIPLICATION_30.08x16.08,None (Direct drawing observation),One of the 10 locked macro parameter groups (Footprint Dimensions). Gross outer boundary; does not deduct shaft voids or validate slab concrete.,YES
PRM-V2-004,Project Control / Scope,Single Tower Allocated Plinth Area,3419.38,sq.m,BoQ_3_Plumbing_Sanitary_pdf-2025-Aug-28-17-28-6.pdf,02_Cost_BOQ_Makes/BoQ_3_Plumbing_Sanitary_pdf-2025-Aug-28-17-28-6.pdf,BoQ_3 Item 1.01 (p.1),Residential Tower (Stilt + 6 Storey): 8 Blocks x 3419.38 = 27355.0 Sq.m,DIRECT_TENDER_AND_SHEET_SCHEDULE,DERIVED_FROM_DIRECT_INPUT,DIRECT_CONTRACT_GROUND_TRUTH,DIRECT_EVIDENCE_INPUT_NOT_SUFFICIENT_FOR_FULL_TAKEOFF,DIRECT / HIGH,NONE,MATCHES_BOQ_ITEM_1_01_ALLOCATION,None (Contractual scope allocation verified),One of the 10 locked macro parameter groups (Plinth Area). Binding EPC contract parameter (27355/8); does not validate physical material quantities.,YES
PRM-V2-005,Project Control / Scope,Total Dwelling Units per Tower,24,units,BoQ_3_Plumbing_Sanitary_pdf-2025-Aug-28-17-28-6.pdf,02_Cost_BOQ_Makes/BoQ_3_Plumbing_Sanitary_pdf-2025-Aug-28-17-28-6.pdf,BoQ_3 Item 1.01 (p.1) & AR/TD/002-007,Total 192 DU (Type-II): 8 blocks x 24 units = 192 units,DIRECT_MULTIPLICATION,DERIVED_FROM_DIRECT_INPUT,DIRECT_CONTRACT_GROUND_TRUTH,DIRECT_EVIDENCE_INPUT_NOT_SUFFICIENT_FOR_FULL_TAKEOFF,DIRECT / HIGH,NONE,MATCHES_ARCHITECTURAL_PLAN_COUNT_4x6,None (Contractual scope allocation verified),One of the 10 locked macro parameter groups (Unit Count). 4 units/floor x 6 floors = 24 units (exact 1/8th of 192 units).,YES
PRM-V2-006,Architecture / Geometry,Storey Profile Count,7,levels,Tender_drawing_1_SitePlan_GroundFloor_pdf-2025-Aug-28-17-38-39.pdf,04_Architectural_Drawings/Tender_drawing_1_SitePlan_GroundFloor_pdf-2025-Aug-28-17-38-39.pdf,RITES/BLD/AR/TD/010-013 (pp.14-17),Elevations and Section A-A: STILT FLOOR + FIRST TO SIXTH FLOOR + MUMTY,DIRECT_SECTION_OBSERVATION,DIRECT_OBSERVATION,DIRECT_SHEET_OBSERVATION,DIRECT_EVIDENCE_INPUT_NOT_SUFFICIENT_FOR_FULL_TAKEOFF,DIRECT / HIGH,NONE,MATCHES_STRUCTURAL_DRAWING_SHEET_100_NOTE_15,None (Direct drawing observation),One of the 10 locked macro parameter groups (Storey Profile). Level count directly scheduled.,YES
PRM-V2-007,Geotechnical / Substructure,Foundation Bored Piles Total Count,207,piles,Tender_drawing_3_TypicalFloor_StructuralHousing_pdf-2025-Aug-28-17-39-16.pdf,05_Structural_Drawings/Tender_drawing_3_TypicalFloor_StructuralHousing_pdf-2025-Aug-28-17-39-16.pdf,RITES/BLD/STR/TD/HOUSING(G+6)/100 (p.16),Direct visual count of 207 pile marker symbols ('P') on layout plan,DIRECT_VISUAL_COUNT,DIRECT_OBSERVATION,DIRECT_SHEET_OBSERVATION,DIRECT_EVIDENCE_INPUT_NOT_SUFFICIENT_FOR_FULL_TAKEOFF,DIRECT / HIGH,NONE,CONFIRMED_ON_CAD_VECTOR_MARKERS,None (Direct drawing observation),One of the 10 locked macro parameter groups (Pile Count). Exact count of pile positions; does not validate pile length or concrete volume.,YES
PRM-V2-008,Geotechnical / Substructure,Bored Pile Diameter,600,mm,Tender_drawing_3_TypicalFloor_StructuralHousing_pdf-2025-Aug-28-17-39-16.pdf,05_Structural_Drawings/Tender_drawing_3_TypicalFloor_StructuralHousing_pdf-2025-Aug-28-17-39-16.pdf,RITES/BLD/STR/TD/HOUSING(G+6)/100 (p.16),TYPICAL ELEVATION OF PILE (600MM DIA) and Section A-A callout 600,DIRECT_SHEET_OBSERVATION,DIRECT_OBSERVATION,DIRECT_SHEET_OBSERVATION,DIRECT_EVIDENCE_INPUT_NOT_SUFFICIENT_FOR_FULL_TAKEOFF,DIRECT / HIGH,NONE,MATCHES_DBR_SECTION_3_PAGE_35,None (Direct drawing observation),One of the 10 locked macro parameter groups (Pile Diameter). Diameter is evidenced; termination depth is NOT scheduled.,YES
PRM-V2-009,Structural Framing / Superstructure,Framed Columns Total Count per Floor,16,columns,Tender_drawing_3_TypicalFloor_StructuralHousing_pdf-2025-Aug-28-17-39-16.pdf,05_Structural_Drawings/Tender_drawing_3_TypicalFloor_StructuralHousing_pdf-2025-Aug-28-17-39-16.pdf,RITES/BLD/STR/TD/HOUSING(G+6)/103 & 104 (p.20),Schedule table on Sheet 104: 4 C1 + 8 C2 + 4 C3 = 16 columns per level,DIRECT_VISUAL_COUNT,DIRECT_OBSERVATION,DIRECT_SHEET_OBSERVATION,DIRECT_EVIDENCE_INPUT_NOT_SUFFICIENT_FOR_FULL_TAKEOFF,DIRECT / HIGH,NONE,CONFIRMED_ACROSS_ALL_TYPICAL_FRAMING_SHEETS,None (Direct drawing observation),One of the 10 locked macro parameter groups (Column Count). Physical column positions scheduled; member clear height and BBS missing.,YES
PRM-V2-010,Structural Framing / Superstructure,Ductile Shear Wall Elements Count per Floor,33,wall legs,Tender_drawing_3_TypicalFloor_StructuralHousing_pdf-2025-Aug-28-17-39-16.pdf,05_Structural_Drawings/Tender_drawing_3_TypicalFloor_StructuralHousing_pdf-2025-Aug-28-17-39-16.pdf,RITES/BLD/STR/TD/HOUSING(G+6)/103 & 104 (p.20),Schedule table on Sheet 104: 12 SW1 + 4 SW2 + 4 SW3 + 4 SW4 + 4 SW5 + 5 CW = 33 legs,DIRECT_VISUAL_COUNT,DIRECT_OBSERVATION,DIRECT_SHEET_OBSERVATION,DIRECT_EVIDENCE_INPUT_NOT_SUFFICIENT_FOR_FULL_TAKEOFF,DIRECT / HIGH,NONE,CONFIRMED_ON_SHEET_103_COLUMN_SHEARWALL_LAYOUT,None (Direct drawing observation),One of the 10 locked macro parameter groups (Shear-Wall Count). Element counts scheduled; clear heights and official BBS missing.,YES
PRM-V2-011,Openings / Joinery,Scheduled Flush Doors Total Count,216,nos,Tender_drawing_1_SitePlan_GroundFloor_pdf-2025-Aug-28-17-38-39.pdf,04_Architectural_Drawings/Tender_drawing_1_SitePlan_GroundFloor_pdf-2025-Aug-28-17-38-39.pdf,RITES/BLD/AR/TD/005 (p.9),(2 D1 + 4 D2 + 3 D3) = 9 doors/unit x 4 units/floor x 6 floors = 216 flush doors,DIRECT_SCHEDULE_AND_MULTIPLICATION,DERIVED_FROM_DIRECT_INPUT,DIRECT_SHEET_OBSERVATION,DIRECT_EVIDENCE_INPUT_NOT_SUFFICIENT_FOR_FULL_TAKEOFF,DIRECT / HIGH,NONE,MATCHES_ARCHITECTURAL_UNIT_PLANS,None (Direct drawing schedule),"One of the 10 locked macro parameter groups (Door Count). Flush doors (48 D1, 96 D2, 72 D3). Excludes combination DW1/DW2 and service doors SD1-SD4.",YES
PRM-V2-012,Openings / Joinery,Scheduled Windows and Ventilators Total Count,168,nos,Tender_drawing_1_SitePlan_GroundFloor_pdf-2025-Aug-28-17-38-39.pdf,04_Architectural_Drawings/Tender_drawing_1_SitePlan_GroundFloor_pdf-2025-Aug-28-17-38-39.pdf,RITES/BLD/AR/TD/005 (p.9),(5 windows W1-W4 + 2 vents V1-V2) = 7 openings/unit x 4 units/floor x 6 floors = 168 openings,DIRECT_SCHEDULE_AND_MULTIPLICATION,DERIVED_FROM_DIRECT_INPUT,DIRECT_SHEET_OBSERVATION,DIRECT_EVIDENCE_INPUT_NOT_SUFFICIENT_FOR_FULL_TAKEOFF,DIRECT / HIGH,NONE,MATCHES_ARCHITECTURAL_UNIT_PLANS,None (Direct drawing schedule),One of the 10 locked macro parameter groups (Window/Ventilator Count). 120 windows + 48 ventilators scheduled.,YES
PRM-V2-013,Architecture / Geometry,Stilt Floor Plinth Area,483.60,sq.m,Tender_drawing_1_SitePlan_GroundFloor_pdf-2025-Aug-28-17-38-39.pdf,04_Architectural_Drawings/Tender_drawing_1_SitePlan_GroundFloor_pdf-2025-Aug-28-17-38-39.pdf,RITES/BLD/AR/TD/001 (p.4),Area Schedule: STILT FLOOR PLINTH AREA = 483.60 SQ.M,DIRECT_SHEET_OBSERVATION,DIRECT_OBSERVATION,DIRECT_SHEET_OBSERVATION,DIRECT_EVIDENCE_INPUT_NOT_SUFFICIENT_FOR_FULL_TAKEOFF,DIRECT / HIGH,NONE,NONE,None (Direct drawing schedule),Direct drawing input; not one of the 10 final-audit locked macro groups.,NO
PRM-V2-014,Architecture / Geometry,Terrace Mumty & Machine Room Plinth Area,34.18,sq.m,Tender_drawing_1_SitePlan_GroundFloor_pdf-2025-Aug-28-17-38-39.pdf,04_Architectural_Drawings/Tender_drawing_1_SitePlan_GroundFloor_pdf-2025-Aug-28-17-38-39.pdf,RITES/BLD/AR/TD/001 (p.4),Area Schedule: MUMTY & LMR PLINTH AREA = 34.18 SQ.M,DIRECT_SHEET_OBSERVATION,DIRECT_OBSERVATION,DIRECT_SHEET_OBSERVATION,DIRECT_EVIDENCE_INPUT_NOT_SUFFICIENT_FOR_FULL_TAKEOFF,DIRECT / HIGH,NONE,NONE,None (Direct drawing schedule),Direct drawing input; not one of the 10 final-audit locked macro groups.,NO
PRM-V2-015,Architecture / Planning,Dwelling Unit Carpet Area (Per Unit),69.00,sq.m,Tender_drawing_1_SitePlan_GroundFloor_pdf-2025-Aug-28-17-38-39.pdf,04_Architectural_Drawings/Tender_drawing_1_SitePlan_GroundFloor_pdf-2025-Aug-28-17-38-39.pdf,RITES/BLD/AR/TD/005 (p.9),Title text on unit plan: CARPET AREA = 69.00 SQ.M,DIRECT_SHEET_OBSERVATION,DIRECT_OBSERVATION,DIRECT_SHEET_OBSERVATION,DIRECT_EVIDENCE_INPUT_NOT_SUFFICIENT_FOR_FULL_TAKEOFF,DIRECT / HIGH,NONE,NONE,None (Direct drawing note),Direct drawing input; not one of the 10 final-audit locked macro groups.,NO
PRM-V2-016,Architecture / Planning,Dwelling Unit Plinth Area (Per Unit),90.00,sq.m,Tender_drawing_1_SitePlan_GroundFloor_pdf-2025-Aug-28-17-38-39.pdf,04_Architectural_Drawings/Tender_drawing_1_SitePlan_GroundFloor_pdf-2025-Aug-28-17-38-39.pdf,RITES/BLD/AR/TD/005 (p.9),Title text on unit plan: PLINTH AREA = 90.00 SQ.M,DIRECT_SHEET_OBSERVATION,DIRECT_OBSERVATION,DIRECT_SHEET_OBSERVATION,DIRECT_EVIDENCE_INPUT_NOT_SUFFICIENT_FOR_FULL_TAKEOFF,DIRECT / HIGH,NONE,NONE,None (Direct drawing note),Direct drawing input; not one of the 10 final-audit locked macro groups.,NO
PRM-V2-017,Architecture / Geometry,Stilt Floor Clear Height,3.00,m,Tender_drawing_1_SitePlan_GroundFloor_pdf-2025-Aug-28-17-38-39.pdf,04_Architectural_Drawings/Tender_drawing_1_SitePlan_GroundFloor_pdf-2025-Aug-28-17-38-39.pdf,RITES/BLD/AR/TD/012 (p.16),Section A-A dimension: Finished ground level (+0.00m) to First floor (+3.00m),DIRECT_SECTION_OBSERVATION,DIRECT_OBSERVATION,DIRECT_SHEET_OBSERVATION,DIRECT_EVIDENCE_INPUT_NOT_SUFFICIENT_FOR_FULL_TAKEOFF,DIRECT / HIGH,NONE,NONE,None (Direct drawing dimension),Direct drawing input; architectural height not validated by structural column schedule.,NO
PRM-V2-018,Architecture / Geometry,Typical Residential Floor-to-Floor Height,3.05,m,Tender_drawing_1_SitePlan_GroundFloor_pdf-2025-Aug-28-17-38-39.pdf,04_Architectural_Drawings/Tender_drawing_1_SitePlan_GroundFloor_pdf-2025-Aug-28-17-38-39.pdf,RITES/BLD/AR/TD/012 (p.16),Section A-A level-to-level dimension: +3.00m to +21.30m (6 floors @ 3050mm),DIRECT_SECTION_OBSERVATION,DIRECT_OBSERVATION,DIRECT_SHEET_OBSERVATION,DIRECT_EVIDENCE_INPUT_NOT_SUFFICIENT_FOR_FULL_TAKEOFF,DIRECT / HIGH,NONE,NONE,None (Direct drawing dimension),Direct drawing input; structural column clear height requires separate beam drop deduction.,NO
PRM-V2-019,Architecture / Geometry,Terrace Mumty Clear Height,2.70,m,Tender_drawing_1_SitePlan_GroundFloor_pdf-2025-Aug-28-17-38-39.pdf,04_Architectural_Drawings/Tender_drawing_1_SitePlan_GroundFloor_pdf-2025-Aug-28-17-38-39.pdf,RITES/BLD/AR/TD/012 (p.16),Section A-A dimension: Terrace slab (+21.30m) to Mumty slab (+24.00m),DIRECT_SECTION_OBSERVATION,DIRECT_OBSERVATION,DIRECT_SHEET_OBSERVATION,DIRECT_EVIDENCE_INPUT_NOT_SUFFICIENT_FOR_FULL_TAKEOFF,DIRECT / HIGH,NONE,NONE,None (Direct drawing dimension),Direct drawing input; not one of the 10 final-audit locked macro groups.,NO
PRM-V2-020,Architecture / Geometry,Single Tower Architectural Building Height,24.00,m,Tender_drawing_1_SitePlan_GroundFloor_pdf-2025-Aug-28-17-38-39.pdf,04_Architectural_Drawings/Tender_drawing_1_SitePlan_GroundFloor_pdf-2025-Aug-28-17-38-39.pdf,RITES/BLD/AR/TD/010-013 (pp.14-17),Elevations: Finished ground level (+0.00m) to top of mumty slab (+24.00m),DIRECT_SECTION_OBSERVATION,DIRECT_OBSERVATION,DIRECT_SHEET_OBSERVATION,DIRECT_EVIDENCE_INPUT_NOT_SUFFICIENT_FOR_FULL_TAKEOFF,DIRECT / HIGH,NONE,NONE,None (Direct drawing dimension),Direct drawing input; not one of the 10 final-audit locked macro groups.,NO
PRM-V2-021,Geotechnical / Substructure,Bored Pile Scheduled Main Vertical Reinforcement,10,nos T20,Tender_drawing_3_TypicalFloor_StructuralHousing_pdf-2025-Aug-28-17-39-16.pdf,05_Structural_Drawings/Tender_drawing_3_TypicalFloor_StructuralHousing_pdf-2025-Aug-28-17-39-16.pdf,RITES/BLD/STR/TD/HOUSING(G+6)/100 (p.16),Section A-A & typical pile elevation callout: 10-T20,DIRECT_SHEET_OBSERVATION,DIRECT_OBSERVATION,DIRECT_SHEET_OBSERVATION,DIRECT_EVIDENCE_INPUT_NOT_SUFFICIENT_FOR_FULL_TAKEOFF,DIRECT / HIGH,NONE,NONE,Pile cage length not scheduled; official BBS missing,Direct engineering input only. Does NOT validate substructure steel tonnage (99.24 MT).,NO
PRM-V2-022,Geotechnical / Substructure,Bored Pile Confining Ties (Top Zone),125,mm c/c,Tender_drawing_3_TypicalFloor_StructuralHousing_pdf-2025-Aug-28-17-39-16.pdf,05_Structural_Drawings/Tender_drawing_3_TypicalFloor_StructuralHousing_pdf-2025-Aug-28-17-39-16.pdf,RITES/BLD/STR/TD/HOUSING(G+6)/100 (p.16),Typical elevation callout: T8 @ 125 c/c 9000,DIRECT_SHEET_OBSERVATION,DIRECT_OBSERVATION,DIRECT_SHEET_OBSERVATION,DIRECT_EVIDENCE_INPUT_NOT_SUFFICIENT_FOR_FULL_TAKEOFF,DIRECT / HIGH,NONE,NONE,Official BBS missing,Direct engineering input only; seismic confinement detailing.,NO
PRM-V2-023,Geotechnical / Substructure,Bored Pile Confining Ties (Middle/Bottom Zone),150,mm c/c,Tender_drawing_3_TypicalFloor_StructuralHousing_pdf-2025-Aug-28-17-39-16.pdf,05_Structural_Drawings/Tender_drawing_3_TypicalFloor_StructuralHousing_pdf-2025-Aug-28-17-39-16.pdf,RITES/BLD/STR/TD/HOUSING(G+6)/100 (p.16),Typical elevation callout: T8 @ 150 c/c,DIRECT_SHEET_OBSERVATION,DIRECT_OBSERVATION,DIRECT_SHEET_OBSERVATION,DIRECT_EVIDENCE_INPUT_NOT_SUFFICIENT_FOR_FULL_TAKEOFF,DIRECT / HIGH,NONE,NONE,Official BBS missing,Direct engineering input only.,NO
PRM-V2-024,Geotechnical / Substructure,Bored Pile Master Ring Spacing & Size,1500,mm c/c,Tender_drawing_3_TypicalFloor_StructuralHousing_pdf-2025-Aug-28-17-39-16.pdf,05_Structural_Drawings/Tender_drawing_3_TypicalFloor_StructuralHousing_pdf-2025-Aug-28-17-39-16.pdf,RITES/BLD/STR/TD/HOUSING(G+6)/100 (p.16),Typical elevation callout: T16@1500c/c MASTER RING,DIRECT_SHEET_OBSERVATION,DIRECT_OBSERVATION,DIRECT_SHEET_OBSERVATION,DIRECT_EVIDENCE_INPUT_NOT_SUFFICIENT_FOR_FULL_TAKEOFF,DIRECT / HIGH,NONE,NONE,Official BBS missing,Direct engineering input only.,NO
PRM-V2-025,Geotechnical / Substructure,Bored Pile Safe Axial Bearing Capacity,68,MT/pile,Tender_drawing_3_TypicalFloor_StructuralHousing_pdf-2025-Aug-28-17-39-16.pdf,05_Structural_Drawings/Tender_drawing_3_TypicalFloor_StructuralHousing_pdf-2025-Aug-28-17-39-16.pdf,RITES/BLD/STR/TD/HOUSING(G+6)/100 (p.16),"Sheet 100 General Note 16: 'FOR 600# RCC BORED CAST IN SITU PILES SAFE BEARING CAPACITY 68T/PILE, HAS BEEN CONSIDERED AS PER SOIL INVESTIGATION REPORT. SAME SHALL BE ENSURED AT SITE PRIOR TO EXECUTION.'",DIRECT_SHEET_OBSERVATION,DIRECT_OBSERVATION,DIRECT_SHEET_OBSERVATION,DIRECT_EVIDENCE_INPUT_NOT_SUFFICIENT_FOR_FULL_TAKEOFF,DIRECT / HIGH,NONE,VISUALLY_CONFIRMED_IN_SHEET_100_NOTE_16,Design parameter; not a physical material takeoff,"Visually confirmed in Sheet 100 Note 16. It is a structural design load criteria, NOT an independently validated material quantity.",NO
PRM-V2-026,Structural Framing / Superstructure,Column C1 Cross-Section Dimensions,1200x350,mm,Tender_drawing_3_TypicalFloor_StructuralHousing_pdf-2025-Aug-28-17-39-16.pdf,05_Structural_Drawings/Tender_drawing_3_TypicalFloor_StructuralHousing_pdf-2025-Aug-28-17-39-16.pdf,RITES/BLD/STR/TD/HOUSING(G+6)/104 (p.20),Cross-section schedule: C1 1200 x 350 (4 nos per floor),DIRECT_SHEET_OBSERVATION,DIRECT_OBSERVATION,DIRECT_SHEET_OBSERVATION,DIRECT_EVIDENCE_INPUT_NOT_SUFFICIENT_FOR_FULL_TAKEOFF,DIRECT / HIGH,NONE,NONE,Member height not scheduled on Sheet 104,Direct engineering input only. Cross-section is scheduled; does not validate column concrete volume.,NO
PRM-V2-027,Structural Framing / Superstructure,Column C1 Scheduled Main Rebar,14-T32 + 8-T25,bars,Tender_drawing_3_TypicalFloor_StructuralHousing_pdf-2025-Aug-28-17-39-16.pdf,05_Structural_Drawings/Tender_drawing_3_TypicalFloor_StructuralHousing_pdf-2025-Aug-28-17-39-16.pdf,RITES/BLD/STR/TD/HOUSING(G+6)/104 (p.20),Schedule callout for C1: 14-T32 + 8-T25 (22 bars total),DIRECT_SHEET_OBSERVATION,DIRECT_OBSERVATION,DIRECT_SHEET_OBSERVATION,DIRECT_EVIDENCE_INPUT_NOT_SUFFICIENT_FOR_FULL_TAKEOFF,DIRECT / HIGH,NONE,NONE,Official BBS missing; lap locations unscheduled,Direct engineering input only. Does not validate column steel tonnage.,NO
PRM-V2-028,Structural Framing / Superstructure,Column C2 Cross-Section Dimensions,1200x300,mm,Tender_drawing_3_TypicalFloor_StructuralHousing_pdf-2025-Aug-28-17-39-16.pdf,05_Structural_Drawings/Tender_drawing_3_TypicalFloor_StructuralHousing_pdf-2025-Aug-28-17-39-16.pdf,RITES/BLD/STR/TD/HOUSING(G+6)/104 (p.20),Cross-section schedule: C2 1200 x 300 (8 nos per floor),DIRECT_SHEET_OBSERVATION,DIRECT_OBSERVATION,DIRECT_SHEET_OBSERVATION,DIRECT_EVIDENCE_INPUT_NOT_SUFFICIENT_FOR_FULL_TAKEOFF,DIRECT / HIGH,NONE,NONE,Member height not scheduled on Sheet 104,Direct engineering input only.,NO
PRM-V2-029,Structural Framing / Superstructure,Column C2 Scheduled Main Rebar,22-T25,bars,Tender_drawing_3_TypicalFloor_StructuralHousing_pdf-2025-Aug-28-17-39-16.pdf,05_Structural_Drawings/Tender_drawing_3_TypicalFloor_StructuralHousing_pdf-2025-Aug-28-17-39-16.pdf,RITES/BLD/STR/TD/HOUSING(G+6)/104 (p.20),Schedule callout for C2: 22-T25 (22 bars total),DIRECT_SHEET_OBSERVATION,DIRECT_OBSERVATION,DIRECT_SHEET_OBSERVATION,DIRECT_EVIDENCE_INPUT_NOT_SUFFICIENT_FOR_FULL_TAKEOFF,DIRECT / HIGH,NONE,NONE,Official BBS missing,Direct engineering input only.,NO
PRM-V2-030,Structural Framing / Superstructure,Column C3 Cross-Section Dimensions,1200x300,mm,Tender_drawing_3_TypicalFloor_StructuralHousing_pdf-2025-Aug-28-17-39-16.pdf,05_Structural_Drawings/Tender_drawing_3_TypicalFloor_StructuralHousing_pdf-2025-Aug-28-17-39-16.pdf,RITES/BLD/STR/TD/HOUSING(G+6)/104 (p.20),Cross-section schedule: C3 1200 x 300 (4 nos per floor),DIRECT_SHEET_OBSERVATION,DIRECT_OBSERVATION,DIRECT_SHEET_OBSERVATION,DIRECT_EVIDENCE_INPUT_NOT_SUFFICIENT_FOR_FULL_TAKEOFF,DIRECT / HIGH,NONE,NONE,Member height not scheduled on Sheet 104,Direct engineering input only.,NO
PRM-V2-031,Structural Framing / Superstructure,Column C3 Scheduled Main Rebar,22-T20,bars,Tender_drawing_3_TypicalFloor_StructuralHousing_pdf-2025-Aug-28-17-39-16.pdf,05_Structural_Drawings/Tender_drawing_3_TypicalFloor_StructuralHousing_pdf-2025-Aug-28-17-39-16.pdf,RITES/BLD/STR/TD/HOUSING(G+6)/104 (p.20),Schedule callout for C3: 22-T20 (22 bars total),DIRECT_SHEET_OBSERVATION,DIRECT_OBSERVATION,DIRECT_SHEET_OBSERVATION,DIRECT_EVIDENCE_INPUT_NOT_SUFFICIENT_FOR_FULL_TAKEOFF,DIRECT / HIGH,NONE,NONE,Official BBS missing,Direct engineering input only.,NO
PRM-V2-032,Structural Framing / Superstructure,Shear Wall SW1 Cross-Section Dimensions,1260x230,mm,Tender_drawing_3_TypicalFloor_StructuralHousing_pdf-2025-Aug-28-17-39-16.pdf,05_Structural_Drawings/Tender_drawing_3_TypicalFloor_StructuralHousing_pdf-2025-Aug-28-17-39-16.pdf,RITES/BLD/STR/TD/HOUSING(G+6)/104 (p.20),Schedule: SW1 1260 x 230 (12 nos per floor; boundary zones 300/660/300mm),DIRECT_SHEET_OBSERVATION,DIRECT_OBSERVATION,DIRECT_SHEET_OBSERVATION,DIRECT_EVIDENCE_INPUT_NOT_SUFFICIENT_FOR_FULL_TAKEOFF,DIRECT / HIGH,NONE,NONE,Clear height not scheduled on Sheet 104,Direct engineering input only.,NO
PRM-V2-033,Structural Framing / Superstructure,Shear Wall SW1 Scheduled Vertical Rebar,12-T12 + 4-T12,bars,Tender_drawing_3_TypicalFloor_StructuralHousing_pdf-2025-Aug-28-17-39-16.pdf,05_Structural_Drawings/Tender_drawing_3_TypicalFloor_StructuralHousing_pdf-2025-Aug-28-17-39-16.pdf,RITES/BLD/STR/TD/HOUSING(G+6)/104 (p.20),Schedule callout: 12-T12 + 4-T12 (16-T12 total),DIRECT_SHEET_OBSERVATION,DIRECT_OBSERVATION,DIRECT_SHEET_OBSERVATION,DIRECT_EVIDENCE_INPUT_NOT_SUFFICIENT_FOR_FULL_TAKEOFF,DIRECT / HIGH,NONE,NONE,Official BBS missing,Direct engineering input only.,NO
PRM-V2-034,Structural Framing / Superstructure,Shear Wall SW2 Cross-Section Dimensions,1500x230,mm,Tender_drawing_3_TypicalFloor_StructuralHousing_pdf-2025-Aug-28-17-39-16.pdf,05_Structural_Drawings/Tender_drawing_3_TypicalFloor_StructuralHousing_pdf-2025-Aug-28-17-39-16.pdf,RITES/BLD/STR/TD/HOUSING(G+6)/104 (p.20),Schedule: SW2 1500 x 230 (4 nos per floor; boundary zones 325/850/325mm),DIRECT_SHEET_OBSERVATION,DIRECT_OBSERVATION,DIRECT_SHEET_OBSERVATION,DIRECT_EVIDENCE_INPUT_NOT_SUFFICIENT_FOR_FULL_TAKEOFF,DIRECT / HIGH,NONE,NONE,Clear height not scheduled on Sheet 104,Direct engineering input only.,NO
PRM-V2-035,Structural Framing / Superstructure,Shear Wall SW2 Scheduled Vertical Rebar,12-T16 + 6-T12,bars,Tender_drawing_3_TypicalFloor_StructuralHousing_pdf-2025-Aug-28-17-39-16.pdf,05_Structural_Drawings/Tender_drawing_3_TypicalFloor_StructuralHousing_pdf-2025-Aug-28-17-39-16.pdf,RITES/BLD/STR/TD/HOUSING(G+6)/104 (p.20),Schedule callout: 12-T16 + 6-T12 (18 bars total),DIRECT_SHEET_OBSERVATION,DIRECT_OBSERVATION,DIRECT_SHEET_OBSERVATION,DIRECT_EVIDENCE_INPUT_NOT_SUFFICIENT_FOR_FULL_TAKEOFF,DIRECT / HIGH,NONE,NONE,Official BBS missing,Direct engineering input only.,NO
PRM-V2-036,Structural Framing / Superstructure,Shear Wall SW3 Cross-Section Dimensions,1380x230,mm,Tender_drawing_3_TypicalFloor_StructuralHousing_pdf-2025-Aug-28-17-39-16.pdf,05_Structural_Drawings/Tender_drawing_3_TypicalFloor_StructuralHousing_pdf-2025-Aug-28-17-39-16.pdf,RITES/BLD/STR/TD/HOUSING(G+6)/104 (p.20),Schedule: SW3 1380 x 230 (4 nos per floor; boundary zones 300/780/300mm),DIRECT_SHEET_OBSERVATION,DIRECT_OBSERVATION,DIRECT_SHEET_OBSERVATION,DIRECT_EVIDENCE_INPUT_NOT_SUFFICIENT_FOR_FULL_TAKEOFF,DIRECT / HIGH,NONE,NONE,Clear height not scheduled on Sheet 104,Direct engineering input only.,NO
PRM-V2-037,Structural Framing / Superstructure,Shear Wall SW3 Scheduled Vertical Rebar,12-T16 + 6-T12,bars,Tender_drawing_3_TypicalFloor_StructuralHousing_pdf-2025-Aug-28-17-39-16.pdf,05_Structural_Drawings/Tender_drawing_3_TypicalFloor_StructuralHousing_pdf-2025-Aug-28-17-39-16.pdf,RITES/BLD/STR/TD/HOUSING(G+6)/104 (p.20),Schedule callout: 12-T16 + 6-T12 (18 bars total),DIRECT_SHEET_OBSERVATION,DIRECT_OBSERVATION,DIRECT_SHEET_OBSERVATION,DIRECT_EVIDENCE_INPUT_NOT_SUFFICIENT_FOR_FULL_TAKEOFF,DIRECT / HIGH,NONE,NONE,Official BBS missing,Direct engineering input only.,NO
PRM-V2-038,Structural Framing / Superstructure,Shear Wall SW4 Cross-Section Dimensions,2925x230,mm,Tender_drawing_3_TypicalFloor_StructuralHousing_pdf-2025-Aug-28-17-39-16.pdf,05_Structural_Drawings/Tender_drawing_3_TypicalFloor_StructuralHousing_pdf-2025-Aug-28-17-39-16.pdf,RITES/BLD/STR/TD/HOUSING(G+6)/104 (p.20),Schedule: SW4 2925 x 230 (4 nos per floor; boundary zones 600/1725/600mm),DIRECT_SHEET_OBSERVATION,DIRECT_OBSERVATION,DIRECT_SHEET_OBSERVATION,DIRECT_EVIDENCE_INPUT_NOT_SUFFICIENT_FOR_FULL_TAKEOFF,DIRECT / HIGH,NONE,NONE,Clear height not scheduled on Sheet 104,Direct engineering input only.,NO
PRM-V2-039,Structural Framing / Superstructure,Shear Wall SW4 Scheduled Vertical Rebar,24-T12 + 12-T12,bars,Tender_drawing_3_TypicalFloor_StructuralHousing_pdf-2025-Aug-28-17-39-16.pdf,05_Structural_Drawings/Tender_drawing_3_TypicalFloor_StructuralHousing_pdf-2025-Aug-28-17-39-16.pdf,RITES/BLD/STR/TD/HOUSING(G+6)/104 (p.20),Schedule callout: 24-T12 + 12-T12 (36-T12 total),DIRECT_SHEET_OBSERVATION,DIRECT_OBSERVATION,DIRECT_SHEET_OBSERVATION,DIRECT_EVIDENCE_INPUT_NOT_SUFFICIENT_FOR_FULL_TAKEOFF,DIRECT / HIGH,NONE,NONE,Official BBS missing,Direct engineering input only.,NO
PRM-V2-040,Structural Framing / Superstructure,Shear Wall SW5 Cross-Section Dimensions,5030x230,mm,Tender_drawing_3_TypicalFloor_StructuralHousing_pdf-2025-Aug-28-17-39-16.pdf,05_Structural_Drawings/Tender_drawing_3_TypicalFloor_StructuralHousing_pdf-2025-Aug-28-17-39-16.pdf,RITES/BLD/STR/TD/HOUSING(G+6)/104 (p.20),Schedule: SW5 5030 x 230 (4 nos per floor; 5 zones: 775/775/1930/775/775mm),DIRECT_SHEET_OBSERVATION,DIRECT_OBSERVATION,DIRECT_SHEET_OBSERVATION,DIRECT_EVIDENCE_INPUT_NOT_SUFFICIENT_FOR_FULL_TAKEOFF,DIRECT / HIGH,NONE,NONE,Clear height not scheduled on Sheet 104,Direct engineering input only.,NO
PRM-V2-041,Structural Framing / Superstructure,Shear Wall SW5 Scheduled Vertical Rebar,32-T12 + 24-T12 + 14-T12,bars,Tender_drawing_3_TypicalFloor_StructuralHousing_pdf-2025-Aug-28-17-39-16.pdf,05_Structural_Drawings/Tender_drawing_3_TypicalFloor_StructuralHousing_pdf-2025-Aug-28-17-39-16.pdf,RITES/BLD/STR/TD/HOUSING(G+6)/104 (p.20),Schedule callout: 32-T12 + 24-T12 + 14-T12 (70-T12 total),DIRECT_SHEET_OBSERVATION,DIRECT_OBSERVATION,DIRECT_SHEET_OBSERVATION,DIRECT_EVIDENCE_INPUT_NOT_SUFFICIENT_FOR_FULL_TAKEOFF,DIRECT / HIGH,NONE,NONE,Official BBS missing,Direct engineering input only.,NO
PRM-V2-042,Structural Framing / Superstructure,Core Wall Segment SW6 Dimensions,2510x230,mm,Tender_drawing_3_TypicalFloor_StructuralHousing_pdf-2025-Aug-28-17-39-16.pdf,05_Structural_Drawings/Tender_drawing_3_TypicalFloor_StructuralHousing_pdf-2025-Aug-28-17-39-16.pdf,RITES/BLD/STR/TD/HOUSING(G+6)/104 (p.20),CW1 West segment: 2510 x 230 mm (zones 1330/590/590mm),DIRECT_SHEET_OBSERVATION,DIRECT_OBSERVATION,DIRECT_SHEET_OBSERVATION,DIRECT_EVIDENCE_INPUT_NOT_SUFFICIENT_FOR_FULL_TAKEOFF,DIRECT / HIGH,NONE,NONE,Clear height not scheduled on Sheet 104,Direct engineering input only.,NO
PRM-V2-043,Structural Framing / Superstructure,Core Wall Segment SW6 Scheduled Vertical Rebar,28-T12,bars,Tender_drawing_3_TypicalFloor_StructuralHousing_pdf-2025-Aug-28-17-39-16.pdf,05_Structural_Drawings/Tender_drawing_3_TypicalFloor_StructuralHousing_pdf-2025-Aug-28-17-39-16.pdf,RITES/BLD/STR/TD/HOUSING(G+6)/104 (p.20),CW1 West segment callout: 10-T12 + 10-T12 + 8-T12,DIRECT_SHEET_OBSERVATION,DIRECT_OBSERVATION,DIRECT_SHEET_OBSERVATION,DIRECT_EVIDENCE_INPUT_NOT_SUFFICIENT_FOR_FULL_TAKEOFF,DIRECT / HIGH,NONE,NONE,Official BBS missing,Direct engineering input only.,NO
PRM-V2-044,Structural Framing / Superstructure,Core Wall Segment SW7 Dimensions,2880x230,mm,Tender_drawing_3_TypicalFloor_StructuralHousing_pdf-2025-Aug-28-17-39-16.pdf,05_Structural_Drawings/Tender_drawing_3_TypicalFloor_StructuralHousing_pdf-2025-Aug-28-17-39-16.pdf,RITES/BLD/STR/TD/HOUSING(G+6)/104 (p.20),CW1 North segment: 2880 x 230 mm (zones 1680/600/600mm),DIRECT_SHEET_OBSERVATION,DIRECT_OBSERVATION,DIRECT_SHEET_OBSERVATION,DIRECT_EVIDENCE_INPUT_NOT_SUFFICIENT_FOR_FULL_TAKEOFF,DIRECT / HIGH,NONE,NONE,Clear height not scheduled on Sheet 104,Direct engineering input only.,NO
PRM-V2-045,Structural Framing / Superstructure,Core Wall Segment SW7 Scheduled Vertical Rebar,38-T12,bars,Tender_drawing_3_TypicalFloor_StructuralHousing_pdf-2025-Aug-28-17-39-16.pdf,05_Structural_Drawings/Tender_drawing_3_TypicalFloor_StructuralHousing_pdf-2025-Aug-28-17-39-16.pdf,RITES/BLD/STR/TD/HOUSING(G+6)/104 (p.20),CW1 North segment callout: 12-T12 + 12-T12 + (8-T12) + 6-T12 + (8-T12),DIRECT_SHEET_OBSERVATION,DIRECT_OBSERVATION,DIRECT_SHEET_OBSERVATION,DIRECT_EVIDENCE_INPUT_NOT_SUFFICIENT_FOR_FULL_TAKEOFF,DIRECT / HIGH,NONE,NONE,Official BBS missing,Direct engineering input only.,NO
PRM-V2-046,Structural Framing / Superstructure,Core Wall Segment SW8 Dimensions,3110x230,mm,Tender_drawing_3_TypicalFloor_StructuralHousing_pdf-2025-Aug-28-17-39-16.pdf,05_Structural_Drawings/Tender_drawing_3_TypicalFloor_StructuralHousing_pdf-2025-Aug-28-17-39-16.pdf,RITES/BLD/STR/TD/HOUSING(G+6)/104 (p.20),CW1 East segment: 3110 x 230 mm (zones 1680/830/600mm),DIRECT_SHEET_OBSERVATION,DIRECT_OBSERVATION,DIRECT_SHEET_OBSERVATION,DIRECT_EVIDENCE_INPUT_NOT_SUFFICIENT_FOR_FULL_TAKEOFF,DIRECT / HIGH,NONE,NONE,Clear height not scheduled on Sheet 104,Direct engineering input only.,NO
PRM-V2-047,Structural Framing / Superstructure,Core Wall Segment SW8 Scheduled Vertical Rebar,34-T12,bars,Tender_drawing_3_TypicalFloor_StructuralHousing_pdf-2025-Aug-28-17-39-16.pdf,05_Structural_Drawings/Tender_drawing_3_TypicalFloor_StructuralHousing_pdf-2025-Aug-28-17-39-16.pdf,RITES/BLD/STR/TD/HOUSING(G+6)/104 (p.20),CW1 East segment callout: 12-T12 + 12-T12 + 10-T12,DIRECT_SHEET_OBSERVATION,DIRECT_OBSERVATION,DIRECT_SHEET_OBSERVATION,DIRECT_EVIDENCE_INPUT_NOT_SUFFICIENT_FOR_FULL_TAKEOFF,DIRECT / HIGH,NONE,NONE,Official BBS missing,Direct engineering input only.,NO
PRM-V2-048,Structural Framing / Superstructure,Core Wall Segment SW9 Dimensions,2780x230,mm,Tender_drawing_3_TypicalFloor_StructuralHousing_pdf-2025-Aug-28-17-39-16.pdf,05_Structural_Drawings/Tender_drawing_3_TypicalFloor_StructuralHousing_pdf-2025-Aug-28-17-39-16.pdf,RITES/BLD/STR/TD/HOUSING(G+6)/104 (p.20),CW1 South segment: 2780 x 230 mm (zones 1630/460/690mm),DIRECT_SHEET_OBSERVATION,DIRECT_OBSERVATION,DIRECT_SHEET_OBSERVATION,DIRECT_EVIDENCE_INPUT_NOT_SUFFICIENT_FOR_FULL_TAKEOFF,DIRECT / HIGH,NONE,NONE,Clear height not scheduled on Sheet 104,Direct engineering input only.,NO
PRM-V2-049,Structural Framing / Superstructure,Core Wall Segment SW9 Scheduled Vertical Rebar,36-T12,bars,Tender_drawing_3_TypicalFloor_StructuralHousing_pdf-2025-Aug-28-17-39-16.pdf,05_Structural_Drawings/Tender_drawing_3_TypicalFloor_StructuralHousing_pdf-2025-Aug-28-17-39-16.pdf,RITES/BLD/STR/TD/HOUSING(G+6)/104 (p.20),CW1 South segment callout: (8-T12) + 10-T12 + 12-T12 + 10-T12,DIRECT_SHEET_OBSERVATION,DIRECT_OBSERVATION,DIRECT_SHEET_OBSERVATION,DIRECT_EVIDENCE_INPUT_NOT_SUFFICIENT_FOR_FULL_TAKEOFF,DIRECT / HIGH,NONE,NONE,Official BBS missing,Direct engineering input only.,NO
PRM-V2-050,Structural Framing / Superstructure,Core Wall Segment SW10 Dimensions,2610x230,mm,Tender_drawing_3_TypicalFloor_StructuralHousing_pdf-2025-Aug-28-17-39-16.pdf,05_Structural_Drawings/Tender_drawing_3_TypicalFloor_StructuralHousing_pdf-2025-Aug-28-17-39-16.pdf,RITES/BLD/STR/TD/HOUSING(G+6)/104 (p.20),CW1 Dividing wall segment: 2610 x 230 mm (zones 1380/615/615mm),DIRECT_SHEET_OBSERVATION,DIRECT_OBSERVATION,DIRECT_SHEET_OBSERVATION,DIRECT_EVIDENCE_INPUT_NOT_SUFFICIENT_FOR_FULL_TAKEOFF,DIRECT / HIGH,NONE,NONE,Clear height not scheduled on Sheet 104,Direct engineering input only.,NO
PRM-V2-051,Structural Framing / Superstructure,Core Wall Segment SW10 Scheduled Vertical Rebar,30-T12,bars,Tender_drawing_3_TypicalFloor_StructuralHousing_pdf-2025-Aug-28-17-39-16.pdf,05_Structural_Drawings/Tender_drawing_3_TypicalFloor_StructuralHousing_pdf-2025-Aug-28-17-39-16.pdf,RITES/BLD/STR/TD/HOUSING(G+6)/104 (p.20),CW1 Dividing segment callout: 8-T12 + 10-T12 + 8-T12 + (8-T12),DIRECT_SHEET_OBSERVATION,DIRECT_OBSERVATION,DIRECT_SHEET_OBSERVATION,DIRECT_EVIDENCE_INPUT_NOT_SUFFICIENT_FOR_FULL_TAKEOFF,DIRECT / HIGH,NONE,NONE,Official BBS missing,Direct engineering input only.,NO
PRM-V2-052,Openings / Joinery,Door D1 Scheduled Dimensions (Toilet),800x2100,mm,Tender_drawing_1_SitePlan_GroundFloor_pdf-2025-Aug-28-17-38-39.pdf,04_Architectural_Drawings/Tender_drawing_1_SitePlan_GroundFloor_pdf-2025-Aug-28-17-38-39.pdf,RITES/BLD/AR/TD/005 (p.9),"SCHEDULE OF DOORS item 1: D1 800 x 2100, Sill: 00",DIRECT_SHEET_OBSERVATION,DIRECT_OBSERVATION,DIRECT_SHEET_OBSERVATION,DIRECT_EVIDENCE_INPUT_NOT_SUFFICIENT_FOR_FULL_TAKEOFF,DIRECT / HIGH,NONE,NONE,Older prototype 1000x2100 superseded,Direct drawing input; corrected from older high-confidence CSV error (1000x2100).,NO
PRM-V2-053,Openings / Joinery,Door D2 Scheduled Dimensions (Bedrooms/Internal),1000x2100,mm,Tender_drawing_1_SitePlan_GroundFloor_pdf-2025-Aug-28-17-38-39.pdf,04_Architectural_Drawings/Tender_drawing_1_SitePlan_GroundFloor_pdf-2025-Aug-28-17-38-39.pdf,RITES/BLD/AR/TD/005 (p.9),"SCHEDULE OF DOORS item 2: D2 1000 x 2100, Sill: 00",DIRECT_SHEET_OBSERVATION,DIRECT_OBSERVATION,DIRECT_SHEET_OBSERVATION,DIRECT_EVIDENCE_INPUT_NOT_SUFFICIENT_FOR_FULL_TAKEOFF,DIRECT / HIGH,NONE,NONE,Older prototype 900x2100 superseded,Direct drawing input; corrected from older high-confidence CSV error (900x2100).,NO
PRM-V2-054,Openings / Joinery,Door D3 Scheduled Dimensions (Main Entrance),1050x2100,mm,Tender_drawing_1_SitePlan_GroundFloor_pdf-2025-Aug-28-17-38-39.pdf,04_Architectural_Drawings/Tender_drawing_1_SitePlan_GroundFloor_pdf-2025-Aug-28-17-38-39.pdf,RITES/BLD/AR/TD/005 (p.9),"SCHEDULE OF DOORS item 3: D3 1050 x 2100, Sill: 00",DIRECT_SHEET_OBSERVATION,DIRECT_OBSERVATION,DIRECT_SHEET_OBSERVATION,DIRECT_EVIDENCE_INPUT_NOT_SUFFICIENT_FOR_FULL_TAKEOFF,DIRECT / HIGH,NONE,NONE,Older prototype 750x2100 superseded,Direct drawing input; corrected from older high-confidence CSV error (750x2100).,NO
PRM-V2-055,Openings / Joinery,Window W1 Scheduled Dimensions (Bedroom),1200x1200,mm,Tender_drawing_1_SitePlan_GroundFloor_pdf-2025-Aug-28-17-38-39.pdf,04_Architectural_Drawings/Tender_drawing_1_SitePlan_GroundFloor_pdf-2025-Aug-28-17-38-39.pdf,RITES/BLD/AR/TD/005 (p.9),"Schedule of Openings: W1 1200 x 1200, Sill: 900, Lintel: 2100",DIRECT_SHEET_OBSERVATION,DIRECT_OBSERVATION,DIRECT_SHEET_OBSERVATION,DIRECT_EVIDENCE_INPUT_NOT_SUFFICIENT_FOR_FULL_TAKEOFF,DIRECT / HIGH,NONE,NONE,None (Direct drawing schedule),Direct drawing input; not one of the 10 final-audit locked macro groups.,NO
PRM-V2-056,Openings / Joinery,Window W2 Scheduled Dimensions (Kitchen),1000x1225,mm,Tender_drawing_1_SitePlan_GroundFloor_pdf-2025-Aug-28-17-38-39.pdf,04_Architectural_Drawings/Tender_drawing_1_SitePlan_GroundFloor_pdf-2025-Aug-28-17-38-39.pdf,RITES/BLD/AR/TD/005 (p.9),"Schedule of Openings: W2 1000 x 1225, Sill: 1225, Lintel: 2450 (1000x1500 on Sheet 015)",DIRECT_SHEET_OBSERVATION,DIRECT_OBSERVATION,DIRECT_SHEET_OBSERVATION,DIRECT_EVIDENCE_INPUT_NOT_SUFFICIENT_FOR_FULL_TAKEOFF,DIRECT / HIGH,NONE,NONE,Cross-sheet variance with Sheet 015 (1000x1500),Direct drawing input.,NO
PRM-V2-057,Openings / Joinery,Window W3 Scheduled Dimensions (Staircase Well),2300x1100,mm,Tender_drawing_1_SitePlan_GroundFloor_pdf-2025-Aug-28-17-38-39.pdf,04_Architectural_Drawings/Tender_drawing_1_SitePlan_GroundFloor_pdf-2025-Aug-28-17-38-39.pdf,RITES/BLD/AR/TD/005 (p.9),"Schedule of Openings: W3 2300 x 1100, Sill: 1000, Lintel: 2100",DIRECT_SHEET_OBSERVATION,DIRECT_OBSERVATION,DIRECT_SHEET_OBSERVATION,DIRECT_EVIDENCE_INPUT_NOT_SUFFICIENT_FOR_FULL_TAKEOFF,DIRECT / HIGH,NONE,NONE,None (Direct drawing schedule),Direct drawing input.,NO
PRM-V2-058,Openings / Joinery,Window W4 Scheduled Dimensions (Secondary Window),1200x1200,mm,Tender_drawing_1_SitePlan_GroundFloor_pdf-2025-Aug-28-17-38-39.pdf,04_Architectural_Drawings/Tender_drawing_1_SitePlan_GroundFloor_pdf-2025-Aug-28-17-38-39.pdf,RITES/BLD/AR/TD/005 (p.9),"Schedule of Openings: W4 1200 x 1200, Sill: 900, Lintel: 2100",DIRECT_SHEET_OBSERVATION,DIRECT_OBSERVATION,DIRECT_SHEET_OBSERVATION,DIRECT_EVIDENCE_INPUT_NOT_SUFFICIENT_FOR_FULL_TAKEOFF,DIRECT / HIGH,NONE,NONE,None (Direct drawing schedule),Direct drawing input.,NO
PRM-V2-059,Openings / Joinery,Ventilator V1 Scheduled Dimensions (Attached Toilet),515x875,mm,Tender_drawing_1_SitePlan_GroundFloor_pdf-2025-Aug-28-17-38-39.pdf,04_Architectural_Drawings/Tender_drawing_1_SitePlan_GroundFloor_pdf-2025-Aug-28-17-38-39.pdf,RITES/BLD/AR/TD/005 (p.9),"Schedule of Openings: V1 515 x 875, Sill: 1225, Lintel: 2100",DIRECT_SHEET_OBSERVATION,DIRECT_OBSERVATION,DIRECT_SHEET_OBSERVATION,DIRECT_EVIDENCE_INPUT_NOT_SUFFICIENT_FOR_FULL_TAKEOFF,DIRECT / HIGH,NONE,NONE,None (Direct drawing schedule),Direct drawing input.,NO
PRM-V2-060,Openings / Joinery,Ventilator V2 Scheduled Dimensions (Common Toilet),615x875,mm,Tender_drawing_1_SitePlan_GroundFloor_pdf-2025-Aug-28-17-38-39.pdf,04_Architectural_Drawings/Tender_drawing_1_SitePlan_GroundFloor_pdf-2025-Aug-28-17-38-39.pdf,RITES/BLD/AR/TD/005 (p.9),"Schedule of Openings: V2 615 x 875, Sill: 1225, Lintel: 2100",DIRECT_SHEET_OBSERVATION,DIRECT_OBSERVATION,DIRECT_SHEET_OBSERVATION,DIRECT_EVIDENCE_INPUT_NOT_SUFFICIENT_FOR_FULL_TAKEOFF,DIRECT / HIGH,NONE,NONE,None (Direct drawing schedule),Direct drawing input.,NO
PRM-V2-061,Structural Framing / Stairs,Staircase Flight Dimensions,1500w / 150r / 300t / 150ws,mm,Tender_drawing_3_TypicalFloor_StructuralHousing_pdf-2025-Aug-28-17-39-16.pdf,05_Structural_Drawings/Tender_drawing_3_TypicalFloor_StructuralHousing_pdf-2025-Aug-28-17-39-16.pdf,RITES/BLD/STR/TD/HOUSING(G+6)/110 (p.26),"Section: Flight width 1500mm, Riser 150mm, Tread 300mm, Waist slab 150mm",DIRECT_SHEET_OBSERVATION,DIRECT_OBSERVATION,DIRECT_SHEET_OBSERVATION,DIRECT_EVIDENCE_INPUT_NOT_SUFFICIENT_FOR_FULL_TAKEOFF,DIRECT / HIGH,NONE,NONE,None (Direct drawing schedule),Direct engineering input only. Does not validate full staircase concrete or rebar tonnage.,NO
PRM-V2-062,Structural Framing / Slabs,Floor Slab S1 Scheduled Thickness,125,mm,Tender_drawing_3_TypicalFloor_StructuralHousing_pdf-2025-Aug-28-17-39-16.pdf,05_Structural_Drawings/Tender_drawing_3_TypicalFloor_StructuralHousing_pdf-2025-Aug-28-17-39-16.pdf,RITES/BLD/STR/TD/HOUSING(G+6)/107 (p.23),Slab Schedule: S1 THICKNESS = 125MM (Rebar: T8@125 / T8@150 c/c),DIRECT_SHEET_OBSERVATION,DIRECT_OBSERVATION,DIRECT_SHEET_OBSERVATION,DIRECT_EVIDENCE_INPUT_NOT_SUFFICIENT_FOR_FULL_TAKEOFF,DIRECT / HIGH,NONE,NONE,Panel clear boundaries missing,Direct engineering input only. Does not validate full suspended slab concrete (331.47 m3).,NO
PRM-V2-063,Structural Framing / Slabs,Floor Slab S2 Scheduled Thickness,125,mm,Tender_drawing_3_TypicalFloor_StructuralHousing_pdf-2025-Aug-28-17-39-16.pdf,05_Structural_Drawings/Tender_drawing_3_TypicalFloor_StructuralHousing_pdf-2025-Aug-28-17-39-16.pdf,RITES/BLD/STR/TD/HOUSING(G+6)/107 (p.23),Slab Schedule: S2 THICKNESS = 125MM (Rebar: T10@125 / T10@150 c/c),DIRECT_SHEET_OBSERVATION,DIRECT_OBSERVATION,DIRECT_SHEET_OBSERVATION,DIRECT_EVIDENCE_INPUT_NOT_SUFFICIENT_FOR_FULL_TAKEOFF,DIRECT / HIGH,NONE,NONE,Panel clear boundaries missing,Direct engineering input only.,NO
PRM-V2-064,Structural Materials / Specifications,RCC Compressive Strength Grade,M30,grade,Tender_drawing_3_TypicalFloor_StructuralHousing_pdf-2025-Aug-28-17-39-16.pdf,05_Structural_Drawings/Tender_drawing_3_TypicalFloor_StructuralHousing_pdf-2025-Aug-28-17-39-16.pdf,Sheet STR/TD/100 Note 5 & DBR Section 3 p.35,General Note 5: REINFORCED CEMENT CONCRETE SHALL BE DESIGN MIX M30 CONFIRMING TO I.S. 456-2000,DIRECT_DOCUMENT_OBSERVATION,DIRECT_OBSERVATION,DIRECT_SHEET_OBSERVATION,DIRECT_EVIDENCE_INPUT_NOT_SUFFICIENT_FOR_FULL_TAKEOFF,DIRECT / HIGH,NONE,MATCHES_DBR_SECTION_3_PAGE_35,None (Direct drawing note),Material specification criteria; not an independently validated concrete volume.,NO
PRM-V2-065,Structural Materials / Specifications,Steel Reinforcement Grade,Fe 550 D,grade,Tender_drawing_3_TypicalFloor_StructuralHousing_pdf-2025-Aug-28-17-39-16.pdf,05_Structural_Drawings/Tender_drawing_3_TypicalFloor_StructuralHousing_pdf-2025-Aug-28-17-39-16.pdf,Sheet STR/TD/100 Note 7 & DBR Section 3 p.35,General Note 7: ALL STEEL REINFORCEMENT SHALL BE OF Fe 550 D TYPE CONFORMING TO I.S. 1786,DIRECT_DOCUMENT_OBSERVATION,DIRECT_OBSERVATION,DIRECT_SHEET_OBSERVATION,DIRECT_EVIDENCE_INPUT_NOT_SUFFICIENT_FOR_FULL_TAKEOFF,DIRECT / HIGH,NONE,MATCHES_DBR_SECTION_3_PAGE_35,None (Direct drawing note),Material specification criteria; not an independently validated rebar weight.,NO
PRM-V2-066,Structural Materials / Specifications,Lean Concrete (PCC) Specification,M10 (1:5:10),grade,DBR_Design_Basis_Report_pdf-2025-Aug-28-17-46-57.pdf,05_Structural_Drawings/DBR_Design_Basis_Report_pdf-2025-Aug-28-17-46-57.pdf,DBR Section 3 p.35,DBR Table 3.2: Lean concrete under foundations = M10 (1:5:10),DIRECT_DOCUMENT_OBSERVATION,DIRECT_OBSERVATION,DIRECT_CONTRACT_GROUND_TRUTH,DIRECT_EVIDENCE_INPUT_NOT_SUFFICIENT_FOR_FULL_TAKEOFF,DIRECT / HIGH,NONE,NONE,None (Direct specification),Material specification criteria; leveling layer thickness not scheduled on foundation drawings.,NO
PRM-V2-067,Structural Materials / Specifications,Seismic Zone Design Parameter,Zone V (Z=0.36),coefficient,DBR_Design_Basis_Report_pdf-2025-Aug-28-17-46-57.pdf,05_Structural_Drawings/DBR_Design_Basis_Report_pdf-2025-Aug-28-17-46-57.pdf,DBR Section 3 p.15,"Seismic Zone V (Zone factor Z=0.36, Importance factor I=1.2, Response reduction R=5.0)",DIRECT_DOCUMENT_OBSERVATION,DIRECT_OBSERVATION,DIRECT_CONTRACT_GROUND_TRUTH,DIRECT_EVIDENCE_INPUT_NOT_SUFFICIENT_FOR_FULL_TAKEOFF,DIRECT / HIGH,NONE,MATCHES_IS_1893_2016,None (Direct specification),Structural design baseline parameter.,NO
PRM-V2-068,Structural Materials / Specifications,Basic Wind Speed Design Parameter,50,m/s,DBR_Design_Basis_Report_pdf-2025-Aug-28-17-46-57.pdf,05_Structural_Drawings/DBR_Design_Basis_Report_pdf-2025-Aug-28-17-46-57.pdf,DBR Section 3 p.18,Basic Wind Speed Vb = 50 m/s as per IS 875 (Part 3) for Dibrugarh/Duliajan,DIRECT_DOCUMENT_OBSERVATION,DIRECT_OBSERVATION,DIRECT_CONTRACT_GROUND_TRUTH,DIRECT_EVIDENCE_INPUT_NOT_SUFFICIENT_FOR_FULL_TAKEOFF,DIRECT / HIGH,NONE,MATCHES_IS_875_PART_3,None (Direct specification),Structural design baseline parameter.,NO
PRM-V2-069,Geotechnical / Substructure,Bored RCC Pile Termination Depth,18.0,m,DBR_Design_Basis_Report_pdf-2025-Aug-28-17-46-57.pdf & GT_report_310_Pages_pdf-2025-Aug-28-17-46-44.pdf,05_Structural_Drawings/DBR_Design_Basis_Report_pdf-2025-Aug-28-17-46-57.pdf,DBR Section 3 p.35 & GT Report p.42,Depth into dense sand/gravel stratum per DBR recommended range 15m to 20m,ENGINEERING_ASSUMPTION_FROM_RANGE,ESTIMATED,DERIVED_WITH_ASSUMPTIONS,BLOCKED_NOT_TRAINING_READY,ESTIMATED,ASM-001,NONE_DRAWING_BASED_ESTIMATE,Pile termination depth not scheduled on Sheet 100,Inferred engineering estimate. Not a verified drawing value. Divergence directly affects pile concrete by up to 25%.,NO
PRM-V2-070,Geotechnical / Substructure,Bored RCC Piles Total Concrete Volume,1053.49,m3,Tender_drawing_3_TypicalFloor_StructuralHousing_pdf-2025-Aug-28-17-39-16.pdf,05_Structural_Drawings/Tender_drawing_3_TypicalFloor_StructuralHousing_pdf-2025-Aug-28-17-39-16.pdf,RITES/BLD/STR/TD/HOUSING(G+6)/100 (p.16),207 piles * (pi/4 * 0.6^2) * 18.00m length = 1053.49 m3,PARAMETRIC_CALCULATION,ESTIMATED,DERIVED_WITH_ASSUMPTIONS,BLOCKED_NOT_TRAINING_READY,ESTIMATED,ASM-001,NONE_0_PERCENT_BOQ_VALIDATION,Relies on assumed 18.0m pile depth (ASM-001); cut-off elevation unscheduled,Derived material quantity. 0% item-wise BOQ validation coverage. Strictly blocked for model training.,NO
PRM-V2-071,Geotechnical / Substructure,Bored RCC Piles Reinforcement Steel,99.24,MT,Tender_drawing_3_TypicalFloor_StructuralHousing_pdf-2025-Aug-28-17-39-16.pdf,05_Structural_Drawings/Tender_drawing_3_TypicalFloor_StructuralHousing_pdf-2025-Aug-28-17-39-16.pdf,RITES/BLD/STR/TD/HOUSING(G+6)/100 (p.16),207 piles * 479.4 kg/pile (assumed 18m cage length and 94.2 kg/m3 intensity),PARAMETRIC_INTENSITY_DERIVATION,ESTIMATED,DERIVED_WITH_ASSUMPTIONS,BLOCKED_NOT_TRAINING_READY,ESTIMATED,"ASM-001, ASM-002",NONE_0_PERCENT_BOQ_VALIDATION,Official contractor BBS missing; cut lengths unscheduled,Derived material quantity. Relies on assumed full-depth cage and parametric steel intensity.,NO
PRM-V2-072,Structural Substructure,Foundation Pile Cap Count,54 vs 84,caps,Tender_drawing_3_TypicalFloor_StructuralHousing_pdf-2025-Aug-28-17-39-16.pdf,05_Structural_Drawings/Tender_drawing_3_TypicalFloor_StructuralHousing_pdf-2025-Aug-28-17-39-16.pdf,RITES/BLD/STR/TD/HOUSING(G+6)/101 (p.17),54 layout entities identified on Sheet 101 vs 84 caps claimed in preliminary summary,DRAWING_AUDIT_COMPARISON,UNRESOLVED_CONTRADICTION,CONFLICTING_PROJECT_RECORDS,BLOCKED_NOT_TRAINING_READY,UNRESOLVED_CONTRADICTION,"ASM-002, ASM-003",NONE_CONTRADICTION_UNRESOLVED,91 piles unallocated under strip caps; reconciled foundation GA missing,Critical unresolved engineering contradiction. Prohibits deterministic foundation concrete or formwork calculation.,NO
PRM-V2-073,Structural Substructure,Foundation Pile Cap Depth / Thickness,0.75 vs 1.00,m,Tender_drawing_3_TypicalFloor_StructuralHousing_pdf-2025-Aug-28-17-39-16.pdf,05_Structural_Drawings/Tender_drawing_3_TypicalFloor_StructuralHousing_pdf-2025-Aug-28-17-39-16.pdf,RITES/BLD/STR/TD/HOUSING(G+6)/101 (p.17),Plan label: '750 THK PC' vs preliminary model assumption 1000mm (ASM-003),CODE_DERIVED_ASSUMPTION_VS_CALLOUT,ASSUMPTION_REQUIRED,CONFLICTING_PROJECT_RECORDS,BLOCKED_NOT_TRAINING_READY,ASSUMPTION_REQUIRED,ASM-003,NONE_CONTRADICTION_UNRESOLVED,Tabulated schedule of cap depths missing from Sheet 101,Contradiction between drawing callout (750mm) and legacy calculation assumption (1000mm).,NO
PRM-V2-074,Structural Substructure,Foundation Pile Cap Concrete Volume,185.00 to 208.38,m3,Tender_drawing_3_TypicalFloor_StructuralHousing_pdf-2025-Aug-28-17-39-16.pdf,05_Structural_Drawings/Tender_drawing_3_TypicalFloor_StructuralHousing_pdf-2025-Aug-28-17-39-16.pdf,RITES/BLD/STR/TD/HOUSING(G+6)/101 (p.17),Range: 185.00 m3 (preliminary 84-cap summary) to 208.38 m3 (54 layout entities at 750/1000mm),UNRECONCILED_RANGE,UNRESOLVED_CONTRADICTION,CONFLICTING_PROJECT_RECORDS,BLOCKED_NOT_TRAINING_READY,UNRESOLVED_CONTRADICTION,"ASM-002, ASM-003",NONE_0_PERCENT_BOQ_VALIDATION,Unreconciled cap count; 23.38 m3 variance between layout and summary,Unresolved contradiction. 0% item-wise BOQ validation. Model training blocked.,NO
PRM-V2-075,Structural Substructure,Foundation Pile Cap Reinforcement Steel,20.35,MT,Tender_drawing_3_TypicalFloor_StructuralHousing_pdf-2025-Aug-28-17-39-16.pdf,05_Structural_Drawings/Tender_drawing_3_TypicalFloor_StructuralHousing_pdf-2025-Aug-28-17-39-16.pdf,RITES/BLD/STR/TD/HOUSING(G+6)/101 (p.17),185.00 m3 * 110 kg/m3 assumed steel intensity (ASM-002),PARAMETRIC_INTENSITY_DERIVATION,ASSUMPTION_REQUIRED,DERIVED_WITH_ASSUMPTIONS,BLOCKED_NOT_TRAINING_READY,ASSUMPTION_REQUIRED,ASM-002,NONE_0_PERCENT_BOQ_VALIDATION,Arbitrary 110 kg/m3 intensity applied to unreconciled cap concrete; BBS missing,Derived material quantity. Zero ground-truth rebar cut lengths.,NO
PRM-V2-076,Structural Substructure,PCC Lean Concrete (1:5:10) Volume,18.00,m3,Tender_drawing_3_TypicalFloor_StructuralHousing_pdf-2025-Aug-28-17-39-16.pdf,05_Structural_Drawings/Tender_drawing_3_TypicalFloor_StructuralHousing_pdf-2025-Aug-28-17-39-16.pdf,RITES/BLD/STR/TD/HOUSING(G+6)/101 (p.17),240.0 sq.m cap footprint * 0.075m assumed leveling thickness (ASM-003),PARAMETRIC_CALCULATION,ESTIMATED,DERIVED_WITH_ASSUMPTIONS,BLOCKED_NOT_TRAINING_READY,ESTIMATED,ASM-003,NONE_0_PERCENT_BOQ_VALIDATION,Leveling thickness not scheduled on foundation drawings,Estimated material quantity; 0% BOQ validation.,NO
PRM-V2-077,Structural Framing / Substructure,Plinth Beams (PB1-PB34) Concrete Volume,47.61,m3,Tender_drawing_3_TypicalFloor_StructuralHousing_pdf-2025-Aug-28-17-39-16.pdf,05_Structural_Drawings/Tender_drawing_3_TypicalFloor_StructuralHousing_pdf-2025-Aug-28-17-39-16.pdf,RITES/BLD/STR/TD/HOUSING(G+6)/105 (p.21),403.5m reconciled centerline length * 0.118 m2 weighted average cross-section,WEIGHTED_AVERAGE_DERIVATION,ESTIMATED,DERIVED_WITH_ASSUMPTIONS,BLOCKED_NOT_TRAINING_READY,ESTIMATED,ASM-005,NONE_0_PERCENT_BOQ_VALIDATION,Gross centerline includes column nodes; bay clear spans missing,Estimated material quantity. 0% item-wise BOQ validation.,NO
PRM-V2-078,Structural Framing / Substructure,Plinth Beams Reinforcement Steel,6.43,MT,Tender_drawing_3_TypicalFloor_StructuralHousing_pdf-2025-Aug-28-17-39-16.pdf,05_Structural_Drawings/Tender_drawing_3_TypicalFloor_StructuralHousing_pdf-2025-Aug-28-17-39-16.pdf,RITES/BLD/STR/TD/HOUSING(G+6)/105 (p.21),47.61 m3 * 135 kg/m3 assumed steel intensity (ASM-005),PARAMETRIC_INTENSITY_DERIVATION,ESTIMATED,DERIVED_WITH_ASSUMPTIONS,BLOCKED_NOT_TRAINING_READY,ESTIMATED,ASM-005,NONE_0_PERCENT_BOQ_VALIDATION,Parametric steel intensity used; official BBS missing,Estimated material quantity. 0% BOQ validation.,NO
PRM-V2-079,Structural Framing / Substructure,Stilt Grade Slab Concrete Volume,60.45,m3,Tender_drawing_3_TypicalFloor_StructuralHousing_pdf-2025-Aug-28-17-39-16.pdf,05_Structural_Drawings/Tender_drawing_3_TypicalFloor_StructuralHousing_pdf-2025-Aug-28-17-39-16.pdf,RITES/BLD/STR/TD/HOUSING(G+6)/105 (p.21),438.0 sq.m net area * 0.125m uniform (54.75 m3) + 5.70 m3 unmeasured edge thickening,ADJUSTED_FORMULA_DERIVATION,ASSUMPTION_REQUIRED,DERIVED_WITH_ASSUMPTIONS,BLOCKED_NOT_TRAINING_READY,ASSUMPTION_REQUIRED,ASM-003,NONE_0_PERCENT_BOQ_VALIDATION,5.70 m3 edge thickening is unmeasured; perimeter haunch details missing,Estimated material quantity. 0% BOQ validation.,NO
PRM-V2-080,Structural Framing / Substructure,Stilt Grade Slab Reinforcement Steel,2.72,MT,Tender_drawing_3_TypicalFloor_StructuralHousing_pdf-2025-Aug-28-17-39-16.pdf,05_Structural_Drawings/Tender_drawing_3_TypicalFloor_StructuralHousing_pdf-2025-Aug-28-17-39-16.pdf,RITES/BLD/STR/TD/HOUSING(G+6)/105 (p.21),438.0 sq.m * single mesh T8@150 c/c (approx 45 kg/m3 concrete intensity),PARAMETRIC_INTENSITY_DERIVATION,ESTIMATED,DERIVED_WITH_ASSUMPTIONS,BLOCKED_NOT_TRAINING_READY,ESTIMATED,ASM-006,NONE_0_PERCENT_BOQ_VALIDATION,Mesh cut lengths and lap details not scheduled,Estimated material quantity. 0% BOQ validation.,NO
PRM-V2-081,Structural Framing / Superstructure,Columns C1-C3 Concrete Volume,126.00,m3,Tender_drawing_3_TypicalFloor_StructuralHousing_pdf-2025-Aug-28-17-39-16.pdf,05_Structural_Drawings/Tender_drawing_3_TypicalFloor_StructuralHousing_pdf-2025-Aug-28-17-39-16.pdf,RITES/BLD/STR/TD/HOUSING(G+6)/104 (p.20),(4 C1*0.42 + 8 C2*0.36 + 4 C3*0.36) * 3.0m assumed clear height * 7 levels,FORMULA_DERIVATION_WITH_REPEATED_HEIGHT,ESTIMATED,DERIVED_WITH_ASSUMPTIONS,BLOCKED_NOT_TRAINING_READY,MEDIUM,ASM-004,NONE_0_PERCENT_BOQ_VALIDATION,Member height is architectural-section derived; joint deduplication unexecuted,Estimated material quantity. 0% BOQ validation.,NO
PRM-V2-082,Structural Framing / Superstructure,Columns C1-C3 Reinforcement Steel,52.41,MT,Tender_drawing_3_TypicalFloor_StructuralHousing_pdf-2025-Aug-28-17-39-16.pdf,05_Structural_Drawings/Tender_drawing_3_TypicalFloor_StructuralHousing_pdf-2025-Aug-28-17-39-16.pdf,RITES/BLD/STR/TD/HOUSING(G+6)/104 (p.20),Scheduled bar counts * assumed 3.0m length + 50d lap allowance per level,FORMULA_DERIVATION_WITH_CODE_LAP_RULE,ESTIMATED,DERIVED_WITH_ASSUMPTIONS,BLOCKED_NOT_TRAINING_READY,MEDIUM,ASM-004,NONE_0_PERCENT_BOQ_VALIDATION,Official BBS missing; lap staggering not issued,Estimated material quantity. 0% BOQ validation.,NO
PRM-V2-083,Structural Framing / Superstructure,Shear Walls SW1-SW10 Concrete Volume,349.45,m3,Tender_drawing_3_TypicalFloor_StructuralHousing_pdf-2025-Aug-28-17-39-16.pdf,05_Structural_Drawings/Tender_drawing_3_TypicalFloor_StructuralHousing_pdf-2025-Aug-28-17-39-16.pdf,RITES/BLD/STR/TD/HOUSING(G+6)/104 (p.20),33 wall segments cross-sectional area (16.64 m2) * 3.0m assumed height * 7 levels,FORMULA_DERIVATION_WITH_REPEATED_HEIGHT,ESTIMATED,DERIVED_WITH_ASSUMPTIONS,BLOCKED_NOT_TRAINING_READY,MEDIUM,ASM-004,NONE_0_PERCENT_BOQ_VALIDATION,Member height is architectural-section derived; joint deduplication unexecuted,Estimated material quantity. 0% BOQ validation.,NO
PRM-V2-084,Structural Framing / Superstructure,Shear Walls SW1-SW10 Reinforcement Steel,30.12,MT,Tender_drawing_3_TypicalFloor_StructuralHousing_pdf-2025-Aug-28-17-39-16.pdf,05_Structural_Drawings/Tender_drawing_3_TypicalFloor_StructuralHousing_pdf-2025-Aug-28-17-39-16.pdf,RITES/BLD/STR/TD/HOUSING(G+6)/104 (p.20),Scheduled boundary zone bars and web mesh * assumed 3.0m height + 50d lap rule,FORMULA_DERIVATION_WITH_CODE_LAP_RULE,ESTIMATED,DERIVED_WITH_ASSUMPTIONS,BLOCKED_NOT_TRAINING_READY,MEDIUM,ASM-004,NONE_0_PERCENT_BOQ_VALIDATION,Official BBS missing; boundary zone links not tabulated,Estimated material quantity. 0% BOQ validation.,NO
PRM-V2-085,Structural Framing / Superstructure,Floor Beams B1-B34 (Floors 1-6) Concrete Volume,289.80,m3,Tender_drawing_3_TypicalFloor_StructuralHousing_pdf-2025-Aug-28-17-39-16.pdf,05_Structural_Drawings/Tender_drawing_3_TypicalFloor_StructuralHousing_pdf-2025-Aug-28-17-39-16.pdf,RITES/BLD/STR/TD/HOUSING(G+6)/107 (p.23),6 floors * 403.5m reconciled centerline length * 0.1197 m2 weighted average cross-section,WEIGHTED_AVERAGE_AND_FLOOR_MULTIPLIER,ESTIMATED,DERIVED_WITH_ASSUMPTIONS,BLOCKED_NOT_TRAINING_READY,ESTIMATED,ASM-005,NONE_0_PERCENT_BOQ_VALIDATION,Centerline includes column nodes; bay clear spans missing,Estimated material quantity. 0% BOQ validation.,NO
PRM-V2-086,Structural Framing / Superstructure,Terrace Beams TB1-TB34 Concrete Volume,48.30,m3,Tender_drawing_3_TypicalFloor_StructuralHousing_pdf-2025-Aug-28-17-39-16.pdf,05_Structural_Drawings/Tender_drawing_3_TypicalFloor_StructuralHousing_pdf-2025-Aug-28-17-39-16.pdf,RITES/BLD/STR/TD/HOUSING(G+6)/108 (p.24),1 floor * 403.5m reconciled centerline length * 0.1197 m2 weighted average cross-section,WEIGHTED_AVERAGE_DERIVATION,ESTIMATED,DERIVED_WITH_ASSUMPTIONS,BLOCKED_NOT_TRAINING_READY,ESTIMATED,ASM-005,NONE_0_PERCENT_BOQ_VALIDATION,Centerline includes column nodes; bay clear spans missing,Estimated material quantity. 0% BOQ validation.,NO
PRM-V2-087,Structural Framing / Superstructure,Floor & Terrace Beams Reinforcement Steel,47.33,MT,Tender_drawing_3_TypicalFloor_StructuralHousing_pdf-2025-Aug-28-17-39-16.pdf,05_Structural_Drawings/Tender_drawing_3_TypicalFloor_StructuralHousing_pdf-2025-Aug-28-17-39-16.pdf,RITES/BLD/STR/TD/HOUSING(G+6)/107-108 (pp.23-24),(289.80 m3 + 48.30 m3) * 140 kg/m3 assumed steel intensity (ASM-005),PARAMETRIC_INTENSITY_DERIVATION,ESTIMATED,DERIVED_WITH_ASSUMPTIONS,BLOCKED_NOT_TRAINING_READY,ESTIMATED,ASM-005,NONE_0_PERCENT_BOQ_VALIDATION,Parametric 140 kg/m3 intensity across 7 levels; official BBS missing,Estimated material quantity. 0% BOQ validation.,NO
PRM-V2-088,Structural Framing / Superstructure,Suspended Floor Slabs (Floors 1-6) Concrete Volume,331.47,m3,Tender_drawing_3_TypicalFloor_StructuralHousing_pdf-2025-Aug-28-17-39-16.pdf,05_Structural_Drawings/Tender_drawing_3_TypicalFloor_StructuralHousing_pdf-2025-Aug-28-17-39-16.pdf,RITES/BLD/STR/TD/HOUSING(G+6)/107 (p.23),6 floors * 424.96 sq.m net area * 0.130m assumed weighted thickness,WEIGHTED_AVERAGE_AND_FLOOR_MULTIPLIER,ESTIMATED,DERIVED_WITH_ASSUMPTIONS,BLOCKED_NOT_TRAINING_READY,ESTIMATED,ASM-006,NONE_0_PERCENT_BOQ_VALIDATION,Thickness 130mm is assumed weighted average; beam web ribs not deducted,Estimated material quantity. 0% BOQ validation.,NO
PRM-V2-089,Structural Framing / Superstructure,Terrace Roof Slab Concrete Volume,55.24,m3,Tender_drawing_3_TypicalFloor_StructuralHousing_pdf-2025-Aug-28-17-39-16.pdf,05_Structural_Drawings/Tender_drawing_3_TypicalFloor_StructuralHousing_pdf-2025-Aug-28-17-39-16.pdf,RITES/BLD/STR/TD/HOUSING(G+6)/108 (p.24),1 floor * 424.96 sq.m net area * 0.130m weighted thickness,WEIGHTED_AVERAGE_DERIVATION,ESTIMATED,DERIVED_WITH_ASSUMPTIONS,BLOCKED_NOT_TRAINING_READY,ESTIMATED,ASM-006,NONE_0_PERCENT_BOQ_VALIDATION,Thickness 130mm is assumed; panel clear area schedule missing,Estimated material quantity. 0% BOQ validation.,NO
PRM-V2-090,Structural Framing / Superstructure,Suspended Slabs Reinforcement Steel,36.69,MT,Tender_drawing_3_TypicalFloor_StructuralHousing_pdf-2025-Aug-28-17-39-16.pdf,05_Structural_Drawings/Tender_drawing_3_TypicalFloor_StructuralHousing_pdf-2025-Aug-28-17-39-16.pdf,RITES/BLD/STR/TD/HOUSING(G+6)/107-108 (pp.23-24),(331.47 m3 + 55.24 m3) * 89.17 kg/m3 assumed steel intensity (ASM-006),PARAMETRIC_INTENSITY_DERIVATION,ESTIMATED,DERIVED_WITH_ASSUMPTIONS,BLOCKED_NOT_TRAINING_READY,ESTIMATED,ASM-006,NONE_0_PERCENT_BOQ_VALIDATION,Parametric 89.17 kg/m3 intensity; panel BBS missing,Estimated material quantity. 0% BOQ validation.,NO
PRM-V2-091,Structural Framing / Superstructure,Balconies & Chajjas Concrete Volume,20.02,m3,Tender_drawing_3_TypicalFloor_StructuralHousing_pdf-2025-Aug-28-17-39-16.pdf,05_Structural_Drawings/Tender_drawing_3_TypicalFloor_StructuralHousing_pdf-2025-Aug-28-17-39-16.pdf,RITES/BLD/STR/TD/HOUSING(G+6)/107 (p.23),182.0 sq.m projected area across 7 levels * 0.110m average thickness,PARAMETRIC_AREA_INTEGRATION,ESTIMATED,DERIVED_WITH_ASSUMPTIONS,BLOCKED_NOT_TRAINING_READY,ESTIMATED,ASM-006,NONE_0_PERCENT_BOQ_VALIDATION,Derived without individual piece schedule,Estimated material quantity. 0% BOQ validation.,NO
PRM-V2-092,Structural Framing / Superstructure,Balconies & Chajjas Reinforcement Steel,1.80,MT,Tender_drawing_3_TypicalFloor_StructuralHousing_pdf-2025-Aug-28-17-39-16.pdf,05_Structural_Drawings/Tender_drawing_3_TypicalFloor_StructuralHousing_pdf-2025-Aug-28-17-39-16.pdf,RITES/BLD/STR/TD/HOUSING(G+6)/107 (p.23),20.02 m3 * 90 kg/m3 assumed steel intensity (ASM-006),PARAMETRIC_INTENSITY_DERIVATION,ESTIMATED,DERIVED_WITH_ASSUMPTIONS,BLOCKED_NOT_TRAINING_READY,ESTIMATED,ASM-006,NONE_0_PERCENT_BOQ_VALIDATION,Parametric steel intensity used; official BBS missing,Estimated material quantity. 0% BOQ validation.,NO
PRM-V2-093,Structural Framing / Stairs,Doglegged Staircase Cores Concrete Volume,26.60,m3,Tender_drawing_3_TypicalFloor_StructuralHousing_pdf-2025-Aug-28-17-39-16.pdf,05_Structural_Drawings/Tender_drawing_3_TypicalFloor_StructuralHousing_pdf-2025-Aug-28-17-39-16.pdf,RITES/BLD/STR/TD/HOUSING(G+6)/110 (p.26),28 flights * 0.95 m3 per flight (waist slab + steps + landings),SCHEDULED_FLIGHT_MULTIPLICATION,ESTIMATED,DERIVED_WITH_ASSUMPTIONS,BLOCKED_NOT_TRAINING_READY,MEDIUM,ASM-004,NONE_0_PERCENT_BOQ_VALIDATION,Flight multiplier used; 0% BOQ validation,Estimated material quantity.,NO
PRM-V2-094,Structural Framing / Stairs,Doglegged Staircases Reinforcement Steel,2.92,MT,Tender_drawing_3_TypicalFloor_StructuralHousing_pdf-2025-Aug-28-17-39-16.pdf,05_Structural_Drawings/Tender_drawing_3_TypicalFloor_StructuralHousing_pdf-2025-Aug-28-17-39-16.pdf,RITES/BLD/STR/TD/HOUSING(G+6)/110 (p.26),28 flights * direct scheduled flight rebar (104.3 kg/flight),SCHEDULED_FLIGHT_REBAR_MULTIPLICATION,ESTIMATED,DERIVED_WITH_ASSUMPTIONS,BLOCKED_NOT_TRAINING_READY,MEDIUM,ASM-004,NONE_0_PERCENT_BOQ_VALIDATION,Flight rebar scheduled on Sheet 110; contractor BBS missing,Estimated material quantity.,NO
PRM-V2-095,Structural Framing / Superstructure,Mumty Structure Concrete Volume,16.77,m3,Tender_drawing_3_TypicalFloor_StructuralHousing_pdf-2025-Aug-28-17-39-16.pdf,05_Structural_Drawings/Tender_drawing_3_TypicalFloor_StructuralHousing_pdf-2025-Aug-28-17-39-16.pdf,RITES/BLD/STR/TD/HOUSING(G+6)/109 (p.25),8 mumty columns (6.74 m3) + mumty perimeter walls and roof slab (10.03 m3),FORMULA_DERIVATION_WITH_SCHEDULED_DIMS,ESTIMATED,DERIVED_WITH_ASSUMPTIONS,BLOCKED_NOT_TRAINING_READY,MEDIUM,ASM-004,NONE_0_PERCENT_BOQ_VALIDATION,Minor pedestal and haunch dimensions estimated,Estimated material quantity.,NO
PRM-V2-096,Structural Framing / Superstructure,Mumty Structure Reinforcement Steel,1.29,MT,Tender_drawing_3_TypicalFloor_StructuralHousing_pdf-2025-Aug-28-17-39-16.pdf,05_Structural_Drawings/Tender_drawing_3_TypicalFloor_StructuralHousing_pdf-2025-Aug-28-17-39-16.pdf,RITES/BLD/STR/TD/HOUSING(G+6)/109 (p.25),Scheduled mumty column rebar (0.58 MT) + wall and roof slab links (0.71 MT),FORMULA_DERIVATION_WITH_SCHEDULED_DIMS,ESTIMATED,DERIVED_WITH_ASSUMPTIONS,BLOCKED_NOT_TRAINING_READY,MEDIUM,ASM-004,NONE_0_PERCENT_BOQ_VALIDATION,Official contractor BBS missing,Estimated material quantity.,NO
PRM-V2-097,Structural Framing / Miscellaneous,Overhead Water Tank (OHT) Concrete Volume,16.50,m3,Tender_drawing_3_TypicalFloor_StructuralHousing_pdf-2025-Aug-28-17-39-16.pdf,05_Structural_Drawings/Tender_drawing_3_TypicalFloor_StructuralHousing_pdf-2025-Aug-28-17-39-16.pdf,RITES/BLD/STR/TD/HOUSING(G+6)/109 (p.25),"Twin compartment tank geometry (assumed 150mm walls, 200mm base slab per IS 3370)",CODE_ASSUMPTION_DERIVATION,ASSUMPTION_REQUIRED,UNSCHEDULED_ON_DRAWINGS,BLOCKED_NOT_TRAINING_READY,ASSUMPTION_REQUIRED,ASM-010,NONE_0_PERCENT_BOQ_VALIDATION,OHT wall thickness NOT visible on Sheet 109; wall rebar NOT scheduled,Assumption-required material quantity. 0% BOQ validation.,NO
PRM-V2-098,Structural Framing / Miscellaneous,Overhead Water Tank (OHT) Reinforcement Steel,1.98,MT,Tender_drawing_3_TypicalFloor_StructuralHousing_pdf-2025-Aug-28-17-39-16.pdf,05_Structural_Drawings/Tender_drawing_3_TypicalFloor_StructuralHousing_pdf-2025-Aug-28-17-39-16.pdf,RITES/BLD/STR/TD/HOUSING(G+6)/109 (p.25),16.50 m3 * 120 kg/m3 assumed water-retaining rebar intensity (ASM-010),PARAMETRIC_INTENSITY_DERIVATION,ASSUMPTION_REQUIRED,UNSCHEDULED_ON_DRAWINGS,BLOCKED_NOT_TRAINING_READY,ASSUMPTION_REQUIRED,ASM-010,NONE_0_PERCENT_BOQ_VALIDATION,OHT structural detailing sheet missing; BBS missing,Assumption-required material quantity.,NO
PRM-V2-099,Architectural / Masonry,External 230mm Brick Masonry Volume,216.80,m3,Tender_drawing_1_SitePlan_GroundFloor_pdf-2025-Aug-28-17-38-39.pdf,04_Architectural_Drawings/Tender_drawing_1_SitePlan_GroundFloor_pdf-2025-Aug-28-17-38-39.pdf,RITES/BLD/AR/TD/005-012 (pp.9-16),Gross external wall area * 0.23m * (1 - 0.23 assumed opening deduction ratio),SYNTHETIC_RATIO_DERIVATION,ESTIMATED,DERIVED_WITH_ASSUMPTIONS,BLOCKED_NOT_TRAINING_READY,ESTIMATED,ASM-007,NONE_0_PERCENT_BOQ_VALIDATION,Synthetic 23% opening ratio used; bay clear heights under beam soffits missing,Estimated material quantity. Double-counts concrete columns in wall perimeter.,NO
PRM-V2-100,Architectural / Masonry,Internal 115mm Partition Brick Masonry Volume,406.85,m3,Tender_drawing_1_SitePlan_GroundFloor_pdf-2025-Aug-28-17-38-39.pdf,04_Architectural_Drawings/Tender_drawing_1_SitePlan_GroundFloor_pdf-2025-Aug-28-17-38-39.pdf,RITES/BLD/AR/TD/005-007 (pp.9-11),Gross internal wall length * clear height * 0.115m * (1 - 0.10 assumed deduction ratio),SYNTHETIC_RATIO_DERIVATION,ESTIMATED,DERIVED_WITH_ASSUMPTIONS,BLOCKED_NOT_TRAINING_READY,ESTIMATED,ASM-008,NONE_0_PERCENT_BOQ_VALIDATION,Synthetic 10% opening ratio used; wall centerlines do not deduct concrete column block-outs,Estimated material quantity. 0% BOQ validation.,NO
PRM-V2-101,Architectural / Masonry,Total Brick Masonry Volume,623.65,m3,Tender_drawing_1_SitePlan_GroundFloor_pdf-2025-Aug-28-17-38-39.pdf,04_Architectural_Drawings/Tender_drawing_1_SitePlan_GroundFloor_pdf-2025-Aug-28-17-38-39.pdf,RITES/BLD/AR/TD/005-012 (pp.9-16),External (216.80 m3) + Internal (406.85 m3) = 623.65 m3 (0.182 m3/sq.m plinth),DERIVED_SUMMATION,ESTIMATED,DERIVED_WITH_ASSUMPTIONS,BLOCKED_NOT_TRAINING_READY,ESTIMATED,"ASM-007, ASM-008",NONE_0_PERCENT_BOQ_VALIDATION,Relies on synthetic opening ratios; dimensioned wall centerline layout plan missing,Estimated material quantity. Overestimates brickwork by 15-20%.,NO
PRM-V2-102,Architectural / Finishes,Total Cement Plaster Surface Area,14850.00,sq.m,Tender_drawing_1_SitePlan_GroundFloor_pdf-2025-Aug-28-17-38-39.pdf,04_Architectural_Drawings/Tender_drawing_1_SitePlan_GroundFloor_pdf-2025-Aug-28-17-38-39.pdf,RITES/BLD/AR/TD/006-013 (pp.10-17),"Internal 12mm (11,450 sq.m) + External 18mm (3,400 sq.m) based on gross surface area ratios",SURFACE_RATIO_DERIVATION,ESTIMATED,DERIVED_WITH_ASSUMPTIONS,BLOCKED_NOT_TRAINING_READY,ESTIMATED,ASM-009,NONE_0_PERCENT_BOQ_VALIDATION,Gross elevation envelopes minus openings and beam soffit drop schedules missing,Estimated finish quantity. 0% BOQ validation.,NO
PRM-V2-103,Architectural / Finishes,Total Tile & Stone Flooring Area,2700.00,sq.m,Tender_drawing_1_SitePlan_GroundFloor_pdf-2025-Aug-28-17-38-39.pdf,04_Architectural_Drawings/Tender_drawing_1_SitePlan_GroundFloor_pdf-2025-Aug-28-17-38-39.pdf,RITES/BLD/AR/TD/005-007 & STR/TD/110,"Vitrified 600x600 (1,848 sq.m) + Ceramic anti-skid (372 sq.m) + Kota stone (480 sq.m)",CARPET_AREA_APPROXIMATION,ESTIMATED,DERIVED_WITH_ASSUMPTIONS,BLOCKED_NOT_TRAINING_READY,ESTIMATED,ASM-009,NONE_0_PERCENT_BOQ_VALIDATION,Carpet area approximations used; corridor bay lengths and door threshold deductions missing,Estimated finish quantity. 0% BOQ validation.,NO
PRM-V2-104,Architectural / Finishes,Total Painting Surface Area,14850.00,sq.m,DBR_Design_Basis_Report_pdf-2025-Aug-28-17-46-57.pdf,05_Structural_Drawings/DBR_Design_Basis_Report_pdf-2025-Aug-28-17-46-57.pdf,Tender Specifications,Estimated as equivalent to total gross cement plaster area (internal + external surfaces),PLASTER_SURFACE_EQUIVALENCE,ESTIMATED,DERIVED_WITH_ASSUMPTIONS,BLOCKED_NOT_TRAINING_READY,ESTIMATED,ASM-009,NONE_0_PERCENT_BOQ_VALIDATION,Derived indirectly from gross plaster area; trade-specific schedules missing,Estimated finish quantity.,NO
PRM-V2-105,Structural Concrete / Substructure,Substructure RCC M30 Concrete Volume,1346.55,m3,Tender_drawing_3_TypicalFloor_StructuralHousing_pdf-2025-Aug-28-17-39-16.pdf,05_Structural_Drawings/Tender_drawing_3_TypicalFloor_StructuralHousing_pdf-2025-Aug-28-17-39-16.pdf,Sheets STR/TD/100 to 106,Piles (1053.49 m3) + Caps (185.00 m3) + Plinth Beams (47.61 m3) + Grade Slab (60.45 m3),DERIVED_SUMMATION,ESTIMATED,DERIVED_WITH_ASSUMPTIONS,BLOCKED_NOT_TRAINING_READY,ESTIMATED,"ASM-001, ASM-002, ASM-003, ASM-005",NONE_0_PERCENT_BOQ_VALIDATION,Dominated by unverified 18m pile depth (1053.49 m3) and unreconciled cap count,Substructure concrete total. 0% item-wise BOQ validation. Model training blocked.,NO
PRM-V2-106,Structural Concrete / Superstructure,Superstructure RCC M30 Concrete Volume,1271.00,m3,Tender_drawing_3_TypicalFloor_StructuralHousing_pdf-2025-Aug-28-17-39-16.pdf,05_Structural_Drawings/Tender_drawing_3_TypicalFloor_StructuralHousing_pdf-2025-Aug-28-17-39-16.pdf,Sheets STR/TD/103 to 110,Columns (126.00) + Walls (349.45) + Beams (338.10) + Slabs (386.71) + Stairs/Mumty/OHT/Balc (70.74),DERIVED_SUMMATION,ESTIMATED,DERIVED_WITH_ASSUMPTIONS,BLOCKED_NOT_TRAINING_READY,ESTIMATED,"ASM-004, ASM-005, ASM-006, ASM-010",NONE_0_PERCENT_BOQ_VALIDATION,Dominated by averaged beam/slab sections and assumed floor heights,Superstructure concrete total. 0% BOQ validation. Model training blocked.,NO
PRM-V2-107,Structural Concrete / Total,Total RCC M30 Concrete Volume (Single Tower),2617.55,m3,Tender_drawing_3_TypicalFloor_StructuralHousing_pdf-2025-Aug-28-17-39-16.pdf,05_Structural_Drawings/Tender_drawing_3_TypicalFloor_StructuralHousing_pdf-2025-Aug-28-17-39-16.pdf,Sheets STR/TD/100 to 110,"Substructure (1,346.55 m3) + Superstructure (1,271.00 m3) = 2,617.55 m3 (0.766 m3/sq.m plinth)",DERIVED_SUMMATION,ESTIMATED,DERIVED_WITH_ASSUMPTIONS,BLOCKED_NOT_TRAINING_READY,ESTIMATED,ASM-001 through ASM-010,NONE_0_PERCENT_BOQ_VALIDATION,0% external BOQ validation; EPC lump sum contract; drawing-based takeoff requires reconciliation,Total civil concrete. Drawing-based estimate. Zero item-wise BOQ ground truth.,NO
PRM-V2-108,Structural Reinforcement / Substructure,Substructure Reinforcement Steel (Single Tower),128.74,MT,Tender_drawing_3_TypicalFloor_StructuralHousing_pdf-2025-Aug-28-17-39-16.pdf,05_Structural_Drawings/Tender_drawing_3_TypicalFloor_StructuralHousing_pdf-2025-Aug-28-17-39-16.pdf,Sheets STR/TD/100 to 106,Piles (99.24 MT) + Caps (20.35 MT) + Plinth Beams (6.43 MT) + Grade Slab (2.72 MT),DERIVED_SUMMATION,ESTIMATED,DERIVED_WITH_ASSUMPTIONS,BLOCKED_NOT_TRAINING_READY,ESTIMATED,"ASM-001, ASM-002, ASM-003, ASM-005, ASM-006",NONE_0_PERCENT_BOQ_VALIDATION,Official BBS missing; pile cage length unverified; cap intensity arbitrary,Substructure steel total. Relies on parametric intensities.,NO
PRM-V2-109,Structural Reinforcement / Superstructure,Superstructure Reinforcement Steel (Single Tower),172.11,MT,Tender_drawing_3_TypicalFloor_StructuralHousing_pdf-2025-Aug-28-17-39-16.pdf,05_Structural_Drawings/Tender_drawing_3_TypicalFloor_StructuralHousing_pdf-2025-Aug-28-17-39-16.pdf,Sheets STR/TD/103 to 110,Columns (52.41 MT) + Walls (30.12 MT) + Beams (47.33 MT) + Slabs (36.69 MT) + Misc/Stairs (5.56 MT),DERIVED_SUMMATION,ESTIMATED,DERIVED_WITH_ASSUMPTIONS,BLOCKED_NOT_TRAINING_READY,ESTIMATED,"ASM-004, ASM-005, ASM-006, ASM-010",NONE_0_PERCENT_BOQ_VALIDATION,Official BBS missing; beam and slab parametric intensities,Superstructure steel total. Relies on parametric intensities.,NO
PRM-V2-110,Structural Reinforcement / Total,Total Reinforcement Steel (Single Tower),300.85,MT,Tender_drawing_3_TypicalFloor_StructuralHousing_pdf-2025-Aug-28-17-39-16.pdf,05_Structural_Drawings/Tender_drawing_3_TypicalFloor_StructuralHousing_pdf-2025-Aug-28-17-39-16.pdf,Sheets STR/TD/100 to 110,Substructure (128.74 MT) + Superstructure (172.11 MT) = 300.85 MT (87.98 kg/sq.m plinth),DERIVED_SUMMATION,ESTIMATED,DERIVED_WITH_ASSUMPTIONS,BLOCKED_NOT_TRAINING_READY,ESTIMATED,ASM-001 through ASM-010,NONE_0_PERCENT_BOQ_VALIDATION,0% external BOQ validation; no shop BBS; drawing-based takeoff estimate,Total rebar steel. Parametric estimate. Zero shop BBS ground truth.,NO
PRM-V2-111,Commercial / Cost Control,Single Tower Pro-Rata Contract Cost Benchmark,160175000,INR,status_of_Tender_dealt_Dec_2025_Badri_Rai_Award.pdf,08_Execution_Actuals/status_of_Tender_dealt_Dec_2025_Badri_Rai_Award.pdf,RITES Status of Tender Dealt Dec 2025 (p.1),Total Contract Award Value (INR 128.14 Cr excl GST) / 8 residential towers = INR 16.0175 Cr,PRO_RATA_MATHEMATICAL_BENCHMARK,ESTIMATED,DIRECT_CONTRACT_GROUND_TRUTH,BLOCKED_NOT_TRAINING_READY,ESTIMATED,NONE,PRO_RATA_BENCHMARK_ONLY_NOT_VALIDATED,Contract is EPC Mode-II lump sum; no tower-specific itemized priced BOQ exists; cost accuracy = NOT CALCULATED,Rough arithmetic benchmark only. Does not account for site overheads or common facilities. Not a validated tower cost.,NO
PRM-V2-112,Project Schedule / Duration,Official Whole-Project Contract Duration,24,months,status_of_Tender_dealt_Dec_2025_Badri_Rai_Award.pdf,08_Execution_Actuals/status_of_Tender_dealt_Dec_2025_Badri_Rai_Award.pdf,RITES Status of Tender Dealt Dec 2025 (p.1),Award record to M/s Badri Rai & Co.: Contract Duration = 24 Months,DIRECT_CONTRACT_GROUND_TRUTH,DIRECT_OBSERVATION,DIRECT_CONTRACT_GROUND_TRUTH,BLOCKED_NOT_TRAINING_READY,DIRECT / HIGH,NONE,PROJECT_LEVEL_CONTRACTUAL_FACT,Whole-project contractual fact for 8 towers + campus; NOT single-tower duration,Project-level contractual parameter. Converting 24 months into single-tower duration via pro-rata or division is strictly prohibited.,NO
PRM-V2-113,Project Schedule / Duration,Single Isolated Tower Construction Duration,NOT_CALCULATED,months,duration_estimate.csv,06_Labour_and_Duration/duration_estimate.csv,Line 3: Single Isolated Typical Housing Tower,Single tower independent construction duration has NOT been calculated. No duration model has been run.,NO_CALCULATION_PERMITTED,ASSUMPTION_REQUIRED,QUARANTINED_LEGACY_RECORD,BLOCKED_NOT_TRAINING_READY,ASSUMPTION_REQUIRED,NONE,NONE_NO_STANDALONE_PROGRAMME,"Duration model strictly blocked pending foundation schedule resolution, BBS, and approved contractor master CPM schedule",Single-tower duration is uncalculated and strictly blocked.,NO
PRM-V2-114,Labour & Productivity,Construction Labour Mandays (Single Tower),NOT_CALCULATED,mandays,labour_estimate.csv,06_Labour_and_Duration/labour_estimate.csv,Line 16: TOTAL SINGLE TOWER LABOUR (PRELIMINARY) = 11298 mandays (Quarantined),"Legacy parametric estimate of 11,298 mandays is quarantined as LEGACY_UNVALIDATED",NO_CALCULATION_PERMITTED,LEGACY_UNVALIDATED,QUARANTINED_LEGACY_RECORD,BLOCKED_NOT_TRAINING_READY,ASSUMPTION_REQUIRED,NONE,NONE_NO_LABOUR_MODEL,"Labour model strictly blocked pending foundation schedule resolution, deterministic BBS cut lengths, and contractor daily reports",Legacy labour estimate quarantined. Labour mandays must remain locked as NOT_CALCULATED.,NO
