opening_type,drawing_confirmed_dimensions,older_file_dimensions,conflict_status,controlling_source,corrective_action,impact_on_prior_calculations
D1 (Toilet Flush Door),"800 x 2100 mm (Width: 800 mm, Height: 2100 mm, Sill: 0 mm)",1000 x 2100 mm (calculated_quantities_high_confidence.csv line 10 & architectural_quantity_readiness.csv line 9),CONFLICT_DISCREPANCY_DETECTED,04_Architectural_Drawings/Tender_drawing_1_SitePlan_GroundFloor_pdf-2025-Aug-28-17-38-39.pdf (Sheet RITES/BLD/AR/TD/005 p.9 'SCHEDULE OF DOORS' item 1: D1 800x2100; Sheet AR/TD/014 p.18),Older prototype file marked SUPERSEDED for opening dimensions. Controlling drawing specification of 800x2100mm enforced across all v2 registers.,"Single door area is 1.680 sq.m (not 2.100 sq.m; -0.420 sq.m/door variance). Across 48 toilet doors in the single tower, total opening area is 80.640 sq.m (not 100.800 sq.m). Prior masonry deductions based on 1000x2100 over-deducted toilet partition wall openings by 20.160 sq.m, erroneously understating toilet masonry volume by 2.318 m3."
D2 (Bedroom & Internal Door),"1000 x 2100 mm (Width: 1000 mm, Height: 2100 mm, Sill: 0 mm)",900 x 2100 mm (calculated_quantities_high_confidence.csv line 10 & architectural_quantity_readiness.csv line 9),CONFLICT_DISCREPANCY_DETECTED,04_Architectural_Drawings/Tender_drawing_1_SitePlan_GroundFloor_pdf-2025-Aug-28-17-38-39.pdf (Sheet RITES/BLD/AR/TD/005 p.9 'SCHEDULE OF DOORS' item 2: D2 1000x2100; Sheet AR/TD/014 p.18),Older prototype file marked SUPERSEDED for opening dimensions. Controlling drawing specification of 1000x2100mm enforced across all v2 registers.,"Single door area is 2.100 sq.m (not 1.890 sq.m; +0.210 sq.m/door variance). Across 96 bedroom/internal doors in the tower, total opening area is 201.600 sq.m (not 181.440 sq.m). Prior masonry deductions based on 900x2100 under-deducted partition openings by 20.160 sq.m, erroneously overstating internal partition masonry volume by 2.318 m3."
D3 (Main Entrance Door),"1050 x 2100 mm (Width: 1050 mm, Height: 2100 mm, Sill: 0 mm)",750 x 2100 mm (calculated_quantities_high_confidence.csv line 10 & architectural_quantity_readiness.csv line 9),CONFLICT_DISCREPANCY_DETECTED,04_Architectural_Drawings/Tender_drawing_1_SitePlan_GroundFloor_pdf-2025-Aug-28-17-38-39.pdf (Sheet RITES/BLD/AR/TD/005 p.9 'SCHEDULE OF DOORS' item 3: D3 1050x2100; Sheet AR/TD/014 p.18),Older prototype file marked SUPERSEDED for opening dimensions. Controlling drawing specification of 1050x2100mm enforced across all v2 registers.,"Single door area is 2.205 sq.m (not 1.575 sq.m; +0.630 sq.m/door variance). Across 72 entrance doors in the tower, total opening area is 158.760 sq.m (not 113.400 sq.m). Prior masonry deductions based on 750x2100 severely under-deducted entrance wall openings by 45.360 sq.m, erroneously overstating 230mm corridor masonry by 10.433 m3."
DW1 (Living Room Balcony Combo),"2000 x 2100 mm (Width: 2000 mm, Height: 2100 mm, Area: 4.200 sq.m)",NOT_LISTED (Omitted from older calculated_quantities_high_confidence.csv door table),OMISSION_IN_LEGACY_PROTOTYPE,04_Architectural_Drawings/Tender_drawing_1_SitePlan_GroundFloor_pdf-2025-Aug-28-17-38-39.pdf (Sheet AR/TD/005 p.9 & Sheet AR/TD/014),Direct observation cataloged in v2 register as combination opening. Not counted in 216 flush door total.,"Omission in legacy files prevented bay-wise external wall opening deduction, forcing reliance on synthetic 23% gross external wall deduction ratio (ASM-007)."
DW2 (Living Room Balcony Alternate Combo),"2295 x 2100 mm (Width: 2295 mm, Height: 2100 mm, Area: 4.820 sq.m)",NOT_LISTED (Omitted from older calculated_quantities_high_confidence.csv door table),OMISSION_IN_LEGACY_PROTOTYPE,04_Architectural_Drawings/Tender_drawing_1_SitePlan_GroundFloor_pdf-2025-Aug-28-17-38-39.pdf (Sheet AR/TD/005 p.9 & Sheet AR/TD/014),Direct observation cataloged in v2 register as combination opening. Not counted in 216 flush door total.,Omission in legacy files contributed to blocking deterministic external wall deduction modeling.
SD1 (Electrical Shaft Door),"900 x 2100 mm (Width: 900 mm, Height: 2100 mm, Sill: 100 mm, Area: 1.890 sq.m)",NOT_LISTED (Omitted from older door schedule summary),OMISSION_IN_LEGACY_PROTOTYPE,04_Architectural_Drawings/Tender_drawing_1_SitePlan_GroundFloor_pdf-2025-Aug-28-17-38-39.pdf (Sheet AR/TD/005 p.9 & Sheet AR/TD/014),Cataloged in v2 register under service doors; excluded from residential flush door total.,Shaft opening deductions were unapplied in legacy shaft wall takeoff.
SD2 (Plumbing / Service Shaft Door),600 x 2100 mm per Sheet 005 schedule (600 x 2000 mm on Sheet 015 detail; Sill: 100 mm),NOT_LISTED (Omitted from older door schedule summary),CROSS_SHEET_DISCREPANCY_AND_LEGACY_OMISSION,04_Architectural_Drawings/Tender_drawing_1_SitePlan_GroundFloor_pdf-2025-Aug-28-17-38-39.pdf (Sheet AR/TD/005 p.9 vs Sheet AR/TD/015 p.19),Cataloged in v2 register with cross-sheet variance noted; schedule height 2100mm retained as primary baseline.,Variance of 0.06 sq.m/door affects plumbing shaft wall opening deduction.
SD3 (Fire Hose Cabinet Shaft Door),"900 x 2100 mm (Width: 900 mm, Height: 2100 mm, Sill: 100 mm, Area: 1.890 sq.m)",NOT_LISTED (Omitted from older door schedule summary),OMISSION_IN_LEGACY_PROTOTYPE,04_Architectural_Drawings/Tender_drawing_1_SitePlan_GroundFloor_pdf-2025-Aug-28-17-38-39.pdf (Sheet AR/TD/005 p.9 & Sheet AR/TD/014),Cataloged in v2 register under service doors; excluded from residential flush door total.,Corridor wall masonry deductions require shaft door integration.
SD4 (Mumty / Plant Room Door),"1200 x 2100 mm (Width: 1200 mm, Height: 2100 mm, Sill: 100 mm, Area: 2.520 sq.m)",NOT_LISTED (Omitted from older door schedule summary),OMISSION_IN_LEGACY_PROTOTYPE,04_Architectural_Drawings/Tender_drawing_1_SitePlan_GroundFloor_pdf-2025-Aug-28-17-38-39.pdf (Sheet AR/TD/005 p.9 & Sheet AR/TD/014),Cataloged in v2 register under service doors; excluded from residential flush door total.,Mumty perimeter wall deduction requires SD4 integration.
W1 (Bedroom Window),"1200 x 1200 mm (Width: 1200 mm, Height: 1200 mm, Sill: 900 mm, Lintel: 2100 mm)",1200 x 1200 mm,CONCORDANT,04_Architectural_Drawings/Tender_drawing_1_SitePlan_GroundFloor_pdf-2025-Aug-28-17-38-39.pdf (Sheet AR/TD/005 p.9 & Sheet AR/TD/014),Direct observation retained in v2 register. Count = 48 nos.,Opening area 1.440 sq.m confirmed.
W2 (Kitchen Window),1000 x 1225 mm per Sheet 005 schedule (1000 x 1500 mm on Sheet 015 detail; Sill: 1225 mm),1000 x 1225 mm,CROSS_SHEET_DISCREPANCY_NOTED,04_Architectural_Drawings/Tender_drawing_1_SitePlan_GroundFloor_pdf-2025-Aug-28-17-38-39.pdf (Sheet AR/TD/005 p.9 vs Sheet AR/TD/015 p.19),Schedule size 1000x1225mm retained as controlling baseline; 1000x1500mm detail noted for reconciliation.,Area variance 1.225 sq.m vs 1.500 sq.m across 24 units (+6.60 sq.m opening area impact).
W3 (Staircase Well Window),"2300 x 1100 mm (Width: 2300 mm, Height: 1100 mm, Sill: 1000 mm, Lintel: 2100 mm)",2300 x 1100 mm,CONCORDANT,04_Architectural_Drawings/Tender_drawing_1_SitePlan_GroundFloor_pdf-2025-Aug-28-17-38-39.pdf (Sheet AR/TD/005 p.9 & Sheet AR/TD/015),Direct observation retained in v2 register. Count = 24 nos.,Opening area 2.530 sq.m confirmed.
W4 (Secondary Bedroom Window),"1200 x 1200 mm (Width: 1200 mm, Height: 1200 mm, Sill: 900 mm, Lintel: 2100 mm)",1200 x 1200 mm,CONCORDANT,04_Architectural_Drawings/Tender_drawing_1_SitePlan_GroundFloor_pdf-2025-Aug-28-17-38-39.pdf (Sheet AR/TD/005 p.9 & Sheet AR/TD/015),Direct observation retained in v2 register. Count = 24 nos.,Opening area 1.440 sq.m confirmed.
V1 (Attached Toilet Ventilator),"515 x 875 mm (Width: 515 mm, Height: 875 mm, Sill: 1225 mm, Lintel: 2100 mm)",515 x 875 mm,CONCORDANT,04_Architectural_Drawings/Tender_drawing_1_SitePlan_GroundFloor_pdf-2025-Aug-28-17-38-39.pdf (Sheet AR/TD/005 p.9 & Sheet AR/TD/014),Direct observation retained in v2 register. Count = 24 nos.,Opening area 0.451 sq.m confirmed.
V2 (Common Toilet Ventilator),"615 x 875 mm (Width: 615 mm, Height: 875 mm, Sill: 1225 mm, Lintel: 2100 mm)",615 x 875 mm,CONCORDANT,04_Architectural_Drawings/Tender_drawing_1_SitePlan_GroundFloor_pdf-2025-Aug-28-17-38-39.pdf (Sheet AR/TD/005 p.9 & Sheet AR/TD/015),Direct observation retained in v2 register. Count = 24 nos.,Opening area 0.538 sq.m confirmed.
