Document Category,File Name,Relative Path,Authority / Origin,Role,Building Scope,Scope Match,Integrity Status,Notes
Tender / Cost,BoQ_1_Civil_Works_pdf-2025-Aug-28-17-27-34.pdf,02_Cost_BOQ_Makes/BoQ_1_Civil_Works_pdf-2025-Aug-28-17-27-34.pdf,RITES Ltd / OIL,GROUND_TRUTH,Project-wide Civil,VALIDATED,ACTIVE,Primary tender price schedule sheet 1
Tender / Cost,BoQ_2_Electrical_Works_pdf-2025-Aug-28-17-27-48.pdf,02_Cost_BOQ_Makes/BoQ_2_Electrical_Works_pdf-2025-Aug-28-17-27-48.pdf,RITES Ltd / OIL,GROUND_TRUTH,Project-wide Electrical,VALIDATED,ACTIVE,Summary electrical price schedule
Tender / Cost,BoQ_3_Plumbing_Sanitary_pdf-2025-Aug-28-17-28-6.pdf,02_Cost_BOQ_Makes/BoQ_3_Plumbing_Sanitary_pdf-2025-Aug-28-17-28-6.pdf,RITES Ltd / OIL,GROUND_TRUTH,Project-wide EPC Breakdown,VALIDATED,ACTIVE,Detailed EPC component schedule (Items 1.01-1.10) containing 8-tower plinth area (27355 sqm)
Design Basis,DBR_Design_Basis_Report_pdf-2025-Aug-28-17-46-57.pdf,03_Technical_Specifications_Reports/DBR_Design_Basis_Report_pdf-2025-Aug-28-17-46-57.pdf,RITES Ltd,MODEL_INPUT,Project-wide Civil/Structural,VALIDATED,ACTIVE,Full design criteria (M30 concrete Fe500D steel Zone V wind 50m/s pile criteria)
Geotechnical,GT_report_310_Pages_pdf-2025-Aug-28-17-46-44.pdf,03_Technical_Specifications_Reports/GT_report_310_Pages_pdf-2025-Aug-28-17-46-44.pdf,RITES Ltd / Geo-consultant,MODEL_INPUT,BQ Site Subsoil,VALIDATED,ACTIVE,310-page geotechnical investigation confirming 600mm bored piles at 15-20m depth
Architectural Drawings,Tender_drawing_1_SitePlan_GroundFloor_pdf-2025-Aug-28-17-38-39.pdf,04_Architectural_Drawings/Tender_drawing_1_SitePlan_GroundFloor_pdf-2025-Aug-28-17-38-39.pdf,RITES Ltd,MODEL_INPUT,Housing Tower Architecture,VALIDATED,ACTIVE,Sheets 001-025: site plan unit plans stilt typical floors elevations sections door-window schedules
Architectural Drawings,Tender_drawing_2_First_Second_Floor_pdf-2025-Aug-28-17-38-57.pdf,04_Architectural_Drawings/Tender_drawing_2_First_Second_Floor_pdf-2025-Aug-28-17-38-57.pdf,RITES Ltd,MODEL_INPUT,Housing Tower Architecture,VALIDATED,ACTIVE,Enlarged architectural layouts and typical unit clustering
Structural Drawings,Tender_drawing_3_TypicalFloor_StructuralHousing_pdf-2025-Aug-28-17-39-16.pdf,04_Architectural_Drawings/Tender_drawing_3_TypicalFloor_StructuralHousing_pdf-2025-Aug-28-17-39-16.pdf,RITES Ltd,MODEL_INPUT,Housing Tower Structural,VALIDATED,ACTIVE,Sheets 100-110: 207 piles pile caps column layout & schedules plinth beams typical beams slabs
Drawings (Mixed),Tender_drawing_4_Sections_StructuralCommunity_MEP_pdf-2025-Aug-28-17-39-32.pdf,04_Architectural_Drawings/Tender_drawing_4_Sections_StructuralCommunity_MEP_pdf-2025-Aug-28-17-39-32.pdf,RITES Ltd,SUPPORTING_REFERENCE,Community / MEP Services,VALIDATED,ACTIVE,Community centre structural and site MEP services sections
Architectural Drawings,Tender_drawing_5_UnitPlans_DoorWindowSchedule_pdf-2025-Aug-28-17-39-56.pdf,04_Architectural_Drawings/Tender_drawing_5_UnitPlans_DoorWindowSchedule_pdf-2025-Aug-28-17-39-56.pdf,RITES Ltd,MODEL_INPUT,Housing Tower Architecture,VALIDATED,ACTIVE,Detailed unit plans dimensions door/window schedules and kitchen layouts
Architectural Drawings,Tender_drawing_6_Staircase_Toilet_Details_pdf-2025-Aug-28-17-44-31.pdf,04_Architectural_Drawings/Tender_drawing_6_Staircase_Toilet_Details_pdf-2025-Aug-28-17-44-31.pdf,RITES Ltd,MODEL_INPUT,Housing Tower Details,VALIDATED,ACTIVE,Staircase sections toilet plumbing details shaft configurations and sanitary fixtures
Architectural Drawings,Tender_drawing_7_Kitchen_Finishes_STP_UGT_pdf-2025-Aug-28-17-44-55.pdf,04_Architectural_Drawings/Tender_drawing_7_Kitchen_Finishes_STP_UGT_pdf-2025-Aug-28-17-44-55.pdf,RITES Ltd,SUPPORTING_REFERENCE,Finishes & External UGT/STP,VALIDATED,ACTIVE,Kitchen platform schedule of finishes external UGT and STP structural layouts
Corrigendum,Corrigendum-1-Technical_with_Drawings_Updated_pdf-2025-Sep-17-09-40-28.pdf,04_Architectural_Drawings/Corrigendum-1-Technical_with_Drawings_Updated_pdf-2025-Sep-17-09-40-28.pdf,RITES Ltd,SUPPORTING_REFERENCE,Project Corrigendum,VALIDATED,ACTIVE,Technical corrigendum 1 with updated drawing addenda (90 rendered pages)
Corrigendum,Corrigendum-Reply_to_Queries_pdf-2025-Sep-17-09-35-31.pdf,01_Tender_NIT_PreBid/Corrigendum-Reply_to_Queries_pdf-2025-Sep-17-09-35-31.pdf,RITES Ltd,SUPPORTING_REFERENCE,Pre-Bid Clarifications,VALIDATED,ACTIVE,"Pre-bid query replies (12 pages); confirms contractor EPC engineering design obligations post-award; resolves 0 quantity/cost/duration blockers; does not update material quantities, cost validation, or labour/duration validation"
Award Notice,Major_Order_Secured-oil-India-010425_pdf-2025-Apr-01-21-39-19.pdf,08_Execution_Actuals/Major_Order_Secured-oil-India-010425_pdf-2025-Apr-01-21-39-19.pdf,RITES Corporate,SUPPORTING_REFERENCE,Corporate Media Release,SUPERSEDED,ACTIVE,Early media disclosure (Rs 157.25 Cr / 36 mo) superseded by official Dec 2025 award record (Rs 128.14 Cr excl GST / 24 mo)
Award Record,status_of_Tender_dealt_Dec_2025_Badri_Rai_Award.pdf,08_Execution_Actuals/status_of_Tender_dealt_Dec_2025_Badri_Rai_Award.pdf,RITES Ltd,GROUND_TRUTH,Contract Award Baseline,VALIDATED,ACTIVE,Official December 2025 RITES tender-dealt record: awarded to M/s Badri Rai & Company for Rs 128.14 Cr (excl GST) with 24-month duration
Historical Reference,NIT_CPI4685P21_pdf-2025-Aug-28-17-48-28.pdf,99_Unverified_or_Related_References/NIT_CPI4685P21_pdf-2025-Aug-28-17-48-28.pdf,OIL India,EXCLUDED,Historical 2020 Tender,HISTORICAL_MISMATCH,ARCHIVED,Excluded historical tender; zero data mixing with 2025 RITES project
