project_id,parameter,origin,is_high_confidence_eligible
AIIMS-Delhi-150-Units-Staff-Quarters,total_cost,UNKNOWN,NO
AIIMS-Delhi-150-Units-Staff-Quarters,concrete_volume,UNKNOWN,NO
BHEL-Township-Jagdishpur,total_cost,UNKNOWN,NO
BHEL-Township-Jagdishpur,concrete_volume,UNKNOWN,NO
BMC-Deonar-600-Tenements,total_cost,UNKNOWN,NO
BMC-Deonar-600-Tenements,concrete_volume,UNKNOWN,NO
CPWD-BSF-Roopnagar-63-Quarters,total_cost,UNKNOWN,NO
CPWD-BSF-Roopnagar-63-Quarters,concrete_volume,UNKNOWN,NO
CPWD-EPFO-Borivali-301-Quarters,total_cost,UNKNOWN,NO
CPWD-EPFO-Borivali-301-Quarters,concrete_volume,UNKNOWN,NO
CPWD-RBI-Kharghar-354-Quarters,total_cost,UNKNOWN,NO
CPWD-RBI-Kharghar-354-Quarters,concrete_volume,UNKNOWN,NO
DFCCIL-Jaipur-Staff-Quarters,total_cost,UNKNOWN,NO
DFCCIL-Jaipur-Staff-Quarters,concrete_volume,UNKNOWN,NO
DFCCIL-Sarmatanr-Larabad-Koderma-Quarters,total_cost,DIRECT,YES
DFCCIL-Sarmatanr-Larabad-Koderma-Quarters,concrete_volume,UNKNOWN,NO
EPI-Dhenkanal-ICDS-Staff-Quarters,total_cost,DIRECT,YES
EPI-Dhenkanal-ICDS-Staff-Quarters,concrete_volume,UNKNOWN,NO
EPI-Trimbakeshwar-EMRS,total_cost,UNKNOWN,NO
EPI-Trimbakeshwar-EMRS,concrete_volume,UNKNOWN,NO
Haryana-RERA-Multi-Tower-Residential-Projects,total_cost,UNKNOWN,NO
Haryana-RERA-Multi-Tower-Residential-Projects,concrete_volume,UNKNOWN,NO
IIT-Hyderabad-Faculty-Housing,total_cost,UNKNOWN,NO
IIT-Hyderabad-Faculty-Housing,concrete_volume,UNKNOWN,NO
IIT-Kanpur-Type-II-Apartments,total_cost,UNKNOWN,NO
IIT-Kanpur-Type-II-Apartments,concrete_volume,UNKNOWN,NO
K-RIDE-Belandur-Road-Quarters,total_cost,UNKNOWN,NO
K-RIDE-Belandur-Road-Quarters,concrete_volume,UNKNOWN,NO
KMRL-Kochi-Metro-Muttom-Quarters,total_cost,UNKNOWN,NO
KMRL-Kochi-Metro-Muttom-Quarters,concrete_volume,UNKNOWN,NO
MHADA-Goregaon-LIG-MIG-HIG-Tenements,total_cost,UNKNOWN,NO
MHADA-Goregaon-LIG-MIG-HIG-Tenements,concrete_volume,UNKNOWN,NO
MHDC-PMAY-Khairi-Kamptee-Nagpur,total_cost,DIRECT,YES
MHDC-PMAY-Khairi-Kamptee-Nagpur,concrete_volume,UNKNOWN,NO
NBCC-GPRA-Sarojini-Nagar,total_cost,UNKNOWN,NO
NBCC-GPRA-Sarojini-Nagar,concrete_volume,UNKNOWN,NO
NIT-Nalanda,total_cost,DIRECT,YES
NIT-Nalanda,concrete_volume,UNKNOWN,NO
NPCIL-Anuvijay-240-Quarters,total_cost,UNKNOWN,NO
NPCIL-Anuvijay-240-Quarters,concrete_volume,UNKNOWN,NO
OIL-RITES-Duliajan-BQ-Housing,total_cost,DIRECT,YES
OIL-RITES-Duliajan-BQ-Housing,concrete_volume,UNKNOWN,NO
Paras-Dews-Sector-106-Gurugram,total_cost,UNKNOWN,NO
Paras-Dews-Sector-106-Gurugram,concrete_volume,UNKNOWN,NO
Purvanchal-Sunbliss-Sector-22D-Yamuna-Expressway,total_cost,UNKNOWN,NO
Purvanchal-Sunbliss-Sector-22D-Yamuna-Expressway,concrete_volume,UNKNOWN,NO
SBI-DN-Nagar-Andheri-122-Flats,total_cost,DIRECT,YES
SBI-DN-Nagar-Andheri-122-Flats,concrete_volume,UNKNOWN,NO
SBI-Enclave-Hyderabad,total_cost,UNKNOWN,NO
SBI-Enclave-Hyderabad,concrete_volume,UNKNOWN,NO
SBI-GIFT-City-Twin-Towers,total_cost,DIRECT,YES
SBI-GIFT-City-Twin-Towers,concrete_volume,UNKNOWN,NO
TCIL-NVS-JNV-Azamgarh-Quarters,total_cost,DIRECT,YES
TCIL-NVS-JNV-Azamgarh-Quarters,concrete_volume,UNKNOWN,NO
UP-RERA-Residential-Towers-Floor-Plans,total_cost,UNKNOWN,NO
UP-RERA-Residential-Towers-Floor-Plans,concrete_volume,UNKNOWN,NO
WB-PWD-Burdwan-Type-I-II-Quarters,total_cost,UNKNOWN,NO
WB-PWD-Burdwan-Type-I-II-Quarters,concrete_volume,UNKNOWN,NO
WB-RERA-Multi-Tower-Residential-Projects,total_cost,UNKNOWN,NO
WB-RERA-Multi-Tower-Residential-Projects,concrete_volume,UNKNOWN,NO
