Element ID,Structural Type,Label / Dimension as printed,Count per Tower,Exact Sheet ID,PDF Page,Derivation (Direct/Derived/Unclear),Confidence,Reinforcement & Structural Notes
STR-E-001,Bored RCC Piles,600MM DIA,207,RITES/BLD/STR/TD/HOUSING(G+6)/100,16 (Drg 3),Derived,ESTIMATED,Direct sheet observation of pile count (207) and 600mm dia on Sheet 100; pile depth assumed 18m from DBR range 15-20m (tabulated schedule not found); official BBS not issued; cut lengths derived; quantity confidence is not HIGH
STR-E-002,Pile Caps,PILE CAP LAYOUT PLAN,UNRESOLVED_CONTRADICTION,RITES/BLD/STR/TD/HOUSING(G+6)/101,17 (Drg 3),Unclear,ASSUMPTION_REQUIRED,"Sheet 101 / current audit has unresolved 54 vs 84 cap contradiction; cap depth (1000mm) and pile allocation (91 piles unaccounted) not independently verified; official BBS not issued; quantity confidence is not HIGH"
STR-E-003,PCC Substructure,75 THK LEAN CONCRETE,UNRESOLVED_CONTRADICTION,RITES/BLD/STR/TD/HOUSING(G+6)/101,17 (Drg 3),Unclear,ASSUMPTION_REQUIRED,"M10 lean concrete 75mm under caps; cap footprint dependent on unresolved 54 vs 84 cap contradiction; quantity confidence is not HIGH"
STR-E-004,Plinth Beams,PB1: 230x600,4,RITES/BLD/STR/TD/HOUSING(G+6)/105-106,21-22 (Drg 3),Direct,MEDIUM,Direct sheet observation of PB1 section (230x600) and rebar schedule; official BBS not issued; cut lengths are derived, not validated; quantity confidence is not HIGH. Top: 2-T20 Bottom: 2-T20 EF: 2-T8EF Stirrups: 2L-T8@150
STR-E-005,Plinth Beams,PB2: 230x600,4,RITES/BLD/STR/TD/HOUSING(G+6)/105-106,21-22 (Drg 3),Direct,MEDIUM,Direct sheet observation of PB2 section (230x600) and rebar schedule; official BBS not issued; cut lengths are derived, not validated; quantity confidence is not HIGH. Top: 2-T25 Bottom: 2-T20 EF: 2-T8EF Stirrups: 2L-T8@150
STR-E-006,Plinth Beams,PB3: 230x450,4,RITES/BLD/STR/TD/HOUSING(G+6)/105-106,21-22 (Drg 3),Direct,MEDIUM,Direct sheet observation of PB3 section (230x450) and rebar schedule; official BBS not issued; cut lengths are derived, not validated; quantity confidence is not HIGH. Top: 3-T16 Bottom: 3-T16 Stirrups: 2L-T8@100
STR-E-007,Plinth Beams,PB33: 300x600,2,RITES/BLD/STR/TD/HOUSING(G+6)/105-106,21-22 (Drg 3),Direct,MEDIUM,Direct sheet observation of PB33 section (300x600) and rebar schedule; official BBS not issued; cut lengths are derived, not validated; quantity confidence is not HIGH. Top: 3-T16 Bottom: 3-T16 + 2-T16 Stirrups: 2L-T8@75
STR-E-008,Grade Slab,GS1 / GS2: 125 THK.,1,RITES/BLD/STR/TD/HOUSING(G+6)/105,21 (Drg 3),Direct,MEDIUM,Direct sheet observation of 125mm slab thickness and 8mm mesh; net area requires core/thickening deductions; official BBS not issued; quantity confidence is not HIGH
STR-E-009,Column C1,C1: 1200 x 350,4,RITES/BLD/STR/TD/HOUSING(G+6)/103-104,19-20 (Drg 3),Direct,MEDIUM,"Direct sheet observation of C1 section, count (4/tower), and rebar schedule (14-T32 + 8-T25, ties T10); official BBS not issued; cut lengths and lap splices are derived, not validated; quantity confidence is not HIGH"
STR-E-010,Column C2,C2: 1200 x 300,8,RITES/BLD/STR/TD/HOUSING(G+6)/103-104,19-20 (Drg 3),Direct,MEDIUM,"Direct sheet observation of C2 section, count (8/tower), and rebar schedule (22-T25, ties T10); official BBS not issued; cut lengths and lap splices are derived, not validated; quantity confidence is not HIGH"
STR-E-011,Column C3,C3: 1200 x 300,4,RITES/BLD/STR/TD/HOUSING(G+6)/103-104,19-20 (Drg 3),Direct,MEDIUM,"Direct sheet observation of C3 section, count (4/tower), and rebar schedule (22-T20, ties T8); official BBS not issued; cut lengths and lap splices are derived, not validated; quantity confidence is not HIGH"
STR-E-012,Shear Wall SW1,SW1: 1260 x 230,12,RITES/BLD/STR/TD/HOUSING(G+6)/103-104,19-20 (Drg 3),Direct,MEDIUM,"Direct sheet observation of SW1 section, count (12/tower), and rebar schedule (12-T12 + 4-T12 boundary); official BBS not issued; cut lengths are derived, not validated; quantity confidence is not HIGH"
STR-E-013,Shear Wall SW2,SW2: 1500 x 230,4,RITES/BLD/STR/TD/HOUSING(G+6)/103-104,19-20 (Drg 3),Direct,MEDIUM,"Direct sheet observation of SW2 section, count (4/tower), and rebar schedule (12-T16 + 6-T12 boundary); official BBS not issued; cut lengths are derived, not validated; quantity confidence is not HIGH"
STR-E-014,Shear Wall SW3,SW3: 1380 x 230,4,RITES/BLD/STR/TD/HOUSING(G+6)/103-104,19-20 (Drg 3),Direct,MEDIUM,"Direct sheet observation of SW3 section, count (4/tower), and rebar schedule (12-T16 + 6-T12 boundary); official BBS not issued; cut lengths are derived, not validated; quantity confidence is not HIGH"
STR-E-015,Shear Wall SW4,SW4: 2925 x 230,4,RITES/BLD/STR/TD/HOUSING(G+6)/103-104,19-20 (Drg 3),Direct,MEDIUM,"Direct sheet observation of SW4 section, count (4/tower), and rebar schedule (24-T12 + 12-T12 web/boundary); official BBS not issued; cut lengths are derived, not validated; quantity confidence is not HIGH"
STR-E-016,Shear Wall SW5,SW5: 5030 x 230,4,RITES/BLD/STR/TD/HOUSING(G+6)/103-104,19-20 (Drg 3),Direct,MEDIUM,"Direct sheet observation of SW5 section, count (4/tower), and rebar schedule (32-T12 + 24-T12 + 14-T12 ductile boundary); official BBS not issued; cut lengths are derived, not validated; quantity confidence is not HIGH"
STR-E-017,Core Wall SW6,SW6: 2510 x 230 (CW1),1,RITES/BLD/STR/TD/HOUSING(G+6)/103-104,19-20 (Drg 3),Direct,MEDIUM,"Direct sheet observation of CW1-SW6 section and rebar schedule (10-T12 + 10-T12 + 8-T12); official BBS not issued; cut lengths are derived, not validated; quantity confidence is not HIGH"
STR-E-018,Core Wall SW7,SW7: 2880 x 230 (CW1),1,RITES/BLD/STR/TD/HOUSING(G+6)/103-104,19-20 (Drg 3),Direct,MEDIUM,"Direct sheet observation of CW1-SW7 section and rebar schedule (12-T12+12-T12+8-T12+6-T12+8-T12); official BBS not issued; cut lengths are derived, not validated; quantity confidence is not HIGH"
STR-E-019,Core Wall SW8,SW8: 3110 x 230 (CW1),1,RITES/BLD/STR/TD/HOUSING(G+6)/103-104,19-20 (Drg 3),Direct,MEDIUM,"Direct sheet observation of CW1-SW8 section and rebar schedule (12-T12 + 12-T12 + 10-T12); official BBS not issued; cut lengths are derived, not validated; quantity confidence is not HIGH"
STR-E-020,Core Wall SW9,SW9: 2780 x 230 (CW1),1,RITES/BLD/STR/TD/HOUSING(G+6)/103-104,19-20 (Drg 3),Direct,MEDIUM,"Direct sheet observation of CW1-SW9 section and rebar schedule (8-T12 + 10-T12 + 12-T12 + 10-T12); official BBS not issued; cut lengths are derived, not validated; quantity confidence is not HIGH"
STR-E-021,Core Wall SW10,SW10: 2610 x 230 (CW1),1,RITES/BLD/STR/TD/HOUSING(G+6)/103-104,19-20 (Drg 3),Direct,MEDIUM,"Direct sheet observation of CW1-SW10 section and rebar schedule (8-T12 + 10-T12 + 8-T12 + 8-T12); official BBS not issued; cut lengths are derived, not validated; quantity confidence is not HIGH"
STR-E-022,Floor Beams,B1: 230x600,28 (4/flr),RITES/BLD/STR/TD/HOUSING(G+6)/107-108,23-24 (Drg 3),Derived,ESTIMATED,Direct sheet observation of typical B1 section (230x600) and rebar schedule; tower count involves 7-floor repetition; official BBS not issued; cut lengths derived; quantity confidence is not HIGH. Top: 2-T20 Bottom: 2-T20 EF: 2-T8EF Stirrups: 2L-T8@150
STR-E-023,Floor Beams,B2: 230x600,28 (4/flr),RITES/BLD/STR/TD/HOUSING(G+6)/107-108,23-24 (Drg 3),Derived,ESTIMATED,Direct sheet observation of typical B2 section (230x600) and rebar schedule; tower count involves 7-floor repetition; official BBS not issued; cut lengths derived; quantity confidence is not HIGH. Top: 2-T25 Bottom: 2-T20 EF: 2-T8EF Stirrups: 2L-T8@150
STR-E-024,Floor Beams,B3: 230x450,28 (4/flr),RITES/BLD/STR/TD/HOUSING(G+6)/107-108,23-24 (Drg 3),Derived,ESTIMATED,Direct sheet observation of typical B3 section (230x450) and rebar schedule; tower count involves 7-floor repetition; official BBS not issued; cut lengths derived; quantity confidence is not HIGH. Top: 3-T16 Bottom: 3-T16 Stirrups: 2L-T8@100
STR-E-025,Floor Beams,B33: 300x600,14 (2/flr),RITES/BLD/STR/TD/HOUSING(G+6)/107-108,23-24 (Drg 3),Derived,ESTIMATED,Direct sheet observation of typical B33 section (300x600) and rebar schedule; tower count involves 7-floor repetition; official BBS not issued; cut lengths derived; quantity confidence is not HIGH. Top: 3-T16 Bottom: 3-T16 + 2-T16 Stirrups: 2L-T8@75
STR-E-026,Floor Slab S1,S1: 125 THK.,7 levels,RITES/BLD/STR/TD/HOUSING(G+6)/107,23 (Drg 3),Derived,ESTIMATED,"Direct sheet observation of 125mm slab thickness and rebar schedule (8mm @ 125 c/c main, 8mm @ 150 c/c dist); tower volume uses 7-level floor repetition and net area deductions; official BBS not issued; quantity confidence is not HIGH"
STR-E-027,Floor Slab S2,S2: 125 THK.,7 levels,RITES/BLD/STR/TD/HOUSING(G+6)/107,23 (Drg 3),Derived,ESTIMATED,"Direct sheet observation of 125mm slab thickness and rebar schedule (10mm @ 125 c/c main, 10mm @ 150 c/c dist); tower volume uses 7-level floor repetition and net area deductions; official BBS not issued; quantity confidence is not HIGH"
STR-E-028,Staircase Slab,150 THK. WAIST SLAB,7 levels,RITES/BLD/STR/TD/HOUSING(G+6)/110,26 (Drg 3),Derived,ESTIMATED,Direct sheet observation of 150mm waist slab and flight details on Sheet 110; tower total involves 7-level repetition; official BBS not issued; cut lengths are derived; quantity confidence is not HIGH. Rebar: T10@125 c/c main landing beam 230x450
STR-E-029,Mumty Slab,S1: 125 THK.,1,RITES/BLD/STR/TD/HOUSING(G+6)/109,25 (Drg 3),Direct,MEDIUM,"Direct sheet observation of 125mm mumty slab thickness and rebar schedule (8mm @ 150 c/c both ways); official BBS not issued; cut lengths are derived; quantity confidence is not HIGH"
STR-E-030,OHT Bottom Slab,200 THK. RCC SLAB,1,RITES/BLD/STR/TD/HOUSING(G+6)/109,25 (Drg 3),Unclear,ASSUMPTION_REQUIRED,OHT bottom slab thickness (200mm) and reinforcement (T12@150 c/c) are assumed per IS 3370 standard water retaining practice (requires structural schedule confirmation); official BBS not issued; quantity confidence is not HIGH
