project_id,Concrete,Steel,Labour,Cost,Duration
AIIMS-Delhi-150-Units-Staff-Quarters,MISSING,MISSING,MISSING,MISSING,MISSING
BHEL-Township-Jagdishpur,MISSING,MISSING,MISSING,MISSING,MISSING
BMC-Deonar-600-Tenements,MISSING,MISSING,MISSING,MISSING,MISSING
CPWD-BSF-Roopnagar-63-Quarters,MISSING,MISSING,MISSING,MISSING,MISSING
CPWD-EPFO-Borivali-301-Quarters,MISSING,MISSING,MISSING,MISSING,MISSING
CPWD-RBI-Kharghar-354-Quarters,MISSING,MISSING,MISSING,MISSING,MISSING
DFCCIL-Jaipur-Staff-Quarters,MISSING,MISSING,MISSING,MISSING,MISSING
DFCCIL-Sarmatanr-Larabad-Koderma-Quarters,MISSING,MISSING,MISSING,MISSING,MISSING
EPI-Dhenkanal-ICDS-Staff-Quarters,MISSING,MISSING,MISSING,VERIFIED,VERIFIED
EPI-Trimbakeshwar-EMRS,MISSING,MISSING,MISSING,MISSING,MISSING
Haryana-RERA-Multi-Tower-Residential-Projects,MISSING,MISSING,MISSING,MISSING,MISSING
IIT-Hyderabad-Faculty-Housing,MISSING,MISSING,MISSING,MISSING,MISSING
IIT-Kanpur-Type-II-Apartments,MISSING,MISSING,MISSING,MISSING,MISSING
K-RIDE-Belandur-Road-Quarters,MISSING,MISSING,MISSING,MISSING,MISSING
KMRL-Kochi-Metro-Muttom-Quarters,MISSING,MISSING,MISSING,MISSING,MISSING
MHADA-Goregaon-LIG-MIG-HIG-Tenements,MISSING,MISSING,MISSING,MISSING,MISSING
MHDC-PMAY-Khairi-Kamptee-Nagpur,MISSING,MISSING,MISSING,MISSING,MISSING
NBCC-GPRA-Sarojini-Nagar,MISSING,MISSING,MISSING,MISSING,MISSING
NIT-Nalanda,MISSING,MISSING,MISSING,VERIFIED,VERIFIED
NPCIL-Anuvijay-240-Quarters,MISSING,MISSING,MISSING,MISSING,MISSING
OIL-RITES-Duliajan-BQ-Housing,MISSING,MISSING,MISSING,MISSING,MISSING
Paras-Dews-Sector-106-Gurugram,MISSING,MISSING,MISSING,MISSING,MISSING
Purvanchal-Sunbliss-Sector-22D-Yamuna-Expressway,MISSING,MISSING,MISSING,MISSING,MISSING
SBI-DN-Nagar-Andheri-122-Flats,MISSING,MISSING,MISSING,MISSING,MISSING
SBI-Enclave-Hyderabad,MISSING,MISSING,MISSING,MISSING,MISSING
SBI-GIFT-City-Twin-Towers,MISSING,MISSING,MISSING,MISSING,MISSING
TCIL-NVS-JNV-Azamgarh-Quarters,MISSING,MISSING,MISSING,MISSING,MISSING
UP-RERA-Residential-Towers-Floor-Plans,MISSING,MISSING,MISSING,MISSING,MISSING
WB-PWD-Burdwan-Type-I-II-Quarters,MISSING,MISSING,MISSING,MISSING,MISSING
WB-RERA-Multi-Tower-Residential-Projects,MISSING,MISSING,MISSING,MISSING,MISSING
