project_id,concrete_length_m,status,element_id,concrete_quantity
OIL-RITES-Duliajan,,ELEMENT_BOQ,F1,0.9
OIL-RITES-Duliajan,,ELEMENT_BOQ,F2,0.9
OIL-RITES-Duliajan,,ELEMENT_BOQ,F3,0.9
OIL-RITES-Duliajan,,ELEMENT_BOQ,F4,0.9
OIL-RITES-Duliajan,,ELEMENT_BOQ,F5,0.9
OIL-RITES-Duliajan,,ELEMENT_BOQ,F6,0.9
OIL-RITES-Duliajan,,ELEMENT_BOQ,F7,0.9
OIL-RITES-Duliajan,,ELEMENT_BOQ,F8,0.9
OIL-RITES-Duliajan,,ELEMENT_BOQ,F9,0.9
OIL-RITES-Duliajan,,ELEMENT_BOQ,F10,0.9
OIL-RITES-Duliajan,,ELEMENT_BOQ,F11,0.9
OIL-RITES-Duliajan,,ELEMENT_BOQ,F12,0.9
OIL-RITES-Duliajan,,ELEMENT_BOQ,F13,0.9
OIL-RITES-Duliajan,,ELEMENT_BOQ,F14,0.9
OIL-RITES-Duliajan,,ELEMENT_BOQ,F15,0.9
OIL-RITES-Duliajan,,ELEMENT_BOQ,F16,0.9
OIL-RITES-Duliajan,,ELEMENT_BOQ,F17,0.9
OIL-RITES-Duliajan,,ELEMENT_BOQ,F18,0.9
OIL-RITES-Duliajan,,ELEMENT_BOQ,F19,0.9
OIL-RITES-Duliajan,,ELEMENT_BOQ,F20,0.9
OIL-RITES-Duliajan,,ELEMENT_BOQ,F21,0.9
OIL-RITES-Duliajan,,ELEMENT_BOQ,F22,0.9
OIL-RITES-Duliajan,,ELEMENT_BOQ,F23,0.9
OIL-RITES-Duliajan,,ELEMENT_BOQ,F24,0.9
OIL-RITES-Duliajan,,ELEMENT_BOQ,F25,0.9
OIL-RITES-Duliajan,,ELEMENT_BOQ,F26,0.9
OIL-RITES-Duliajan,,ELEMENT_BOQ,F27,0.9
OIL-RITES-Duliajan,,ELEMENT_BOQ,F28,0.9
OIL-RITES-Duliajan,,ELEMENT_BOQ,F29,0.9
OIL-RITES-Duliajan,,ELEMENT_BOQ,F30,0.9
OIL-RITES-Duliajan,,ELEMENT_BOQ,F31,0.9
OIL-RITES-Duliajan,,ELEMENT_BOQ,F32,0.9
OIL-RITES-Duliajan,,ELEMENT_BOQ,F33,0.9
OIL-RITES-Duliajan,,ELEMENT_BOQ,F34,0.9
OIL-RITES-Duliajan,,ELEMENT_BOQ,F35,0.9
OIL-RITES-Duliajan,,ELEMENT_BOQ,F36,0.9
OIL-RITES-Duliajan,,ELEMENT_BOQ,F37,0.9
OIL-RITES-Duliajan,,ELEMENT_BOQ,F38,0.9
OIL-RITES-Duliajan,,ELEMENT_BOQ,F39,0.9
OIL-RITES-Duliajan,,ELEMENT_BOQ,F40,0.9
OIL-RITES-Duliajan,,ELEMENT_BOQ,F41,0.9
OIL-RITES-Duliajan,,ELEMENT_BOQ,F42,0.9
OIL-RITES-Duliajan,,ELEMENT_BOQ,F43,0.9
OIL-RITES-Duliajan,,ELEMENT_BOQ,F44,0.9
OIL-RITES-Duliajan,,ELEMENT_BOQ,F45,0.9
OIL-RITES-Duliajan,,ELEMENT_BOQ,F46,0.9
OIL-RITES-Duliajan,,ELEMENT_BOQ,F47,0.9
OIL-RITES-Duliajan,,ELEMENT_BOQ,F48,0.9
OIL-RITES-Duliajan,,ELEMENT_BOQ,F49,0.9
OIL-RITES-Duliajan,,ELEMENT_BOQ,F50,0.9
OIL-RITES-Duliajan,,ELEMENT_BOQ,F51,0.9
OIL-RITES-Duliajan,,ELEMENT_BOQ,F52,0.9
OIL-RITES-Duliajan,,ELEMENT_BOQ,F53,0.9
OIL-RITES-Duliajan,,ELEMENT_BOQ,F54,0.9
NIT-Nalanda,51259,AGGREGATE_BOQ,P1,
TCIL-NVS-JNV-AZAMGARH-QUARTERS-2024,,NEEDS_BOQ_MAPPING,BLDG-TYPE-II,
TCIL-NVS-JNV-AZAMGARH-QUARTERS-2024,,MEASUREMENT_SHEET_BOQ,ROAD-PAVEMENT-1,5.25
TCIL-NVS-JNV-AZAMGARH-QUARTERS-2024,,MEASUREMENT_SHEET_BOQ,ROAD-KERB-1,1.35
