Project name,Tender reference,Selected model scope,Category,File name,Local path,Source URL,Source authority,Official status,Document date,Same-project verification,Dataset role,Duplicate of,Notes
"Redevelopment of SBI Staff Quarters at DN Nagar, Andheri (West), Mumbai",SBI/CC/LHO/MUM/2023-24/02,Tower 1 (Executive Quarters High-Rise),00_Core_Intelligence_Dataset,NOTICE_INVITING_TENDER20250828084234367.pdf,00_Core_Intelligence_Dataset/NOTICE_INVITING_TENDER20250828084234367.pdf,https://sbi.bank.in,State Bank of India (SBI),Official (sbi.bank.in / tenderwizard.com),2023-2025,Verified,Supporting,SBI-DN-Nagar-Andheri-122-Flats/01_Tender_NIT_PreBid/NOTICE_INVITING_TENDER20250828084234367.pdf,"Size: 1,046,842 bytes | Duplicate copy retained for structure"
"Redevelopment of SBI Staff Quarters at DN Nagar, Andheri (West), Mumbai",SBI/CC/LHO/MUM/2023-24/02,Tower 1 (Executive Quarters High-Rise),00_Core_Intelligence_Dataset,PART_B_GCC.pdf,00_Core_Intelligence_Dataset/PART_B_GCC.pdf,https://sbi.bank.in,State Bank of India (SBI),Official (sbi.bank.in / tenderwizard.com),2023-2025,Verified,Supporting,SBI-DN-Nagar-Andheri-122-Flats/03_Technical_Specifications_Reports/PART_B_GCC.pdf,"Size: 1,248,071 bytes | Duplicate copy retained for structure"
"Redevelopment of SBI Staff Quarters at DN Nagar, Andheri (West), Mumbai",SBI/CC/LHO/MUM/2023-24/02,Tower 1 (Executive Quarters High-Rise),00_Core_Intelligence_Dataset,PART_C_SCC.pdf,00_Core_Intelligence_Dataset/PART_C_SCC.pdf,https://sbi.bank.in,State Bank of India (SBI),Official (sbi.bank.in / tenderwizard.com),2023-2025,Verified,Supporting,SBI-DN-Nagar-Andheri-122-Flats/03_Technical_Specifications_Reports/PART_C_SCC.pdf,"Size: 1,009,938 bytes | Duplicate copy retained for structure"
"Redevelopment of SBI Staff Quarters at DN Nagar, Andheri (West), Mumbai",SBI/CC/LHO/MUM/2023-24/02,Tower 1 (Executive Quarters High-Rise),00_Core_Intelligence_Dataset,PART_D_TECH_SPEC.pdf,00_Core_Intelligence_Dataset/PART_D_TECH_SPEC.pdf,https://sbi.bank.in,State Bank of India (SBI),Official (sbi.bank.in / tenderwizard.com),2023-2025,Verified,Supporting,SBI-DN-Nagar-Andheri-122-Flats/06_MEP_Services/PART_D_TECH_SPEC.pdf,"Size: 2,205,680 bytes | Duplicate copy retained for structure"
"Redevelopment of SBI Staff Quarters at DN Nagar, Andheri (West), Mumbai",SBI/CC/LHO/MUM/2023-24/02,Tower 1 (Executive Quarters High-Rise),00_Core_Intelligence_Dataset,PART_E_Tender_Drawings.pdf,00_Core_Intelligence_Dataset/PART_E_Tender_Drawings.pdf,https://sbi.bank.in,State Bank of India (SBI),Official (sbi.bank.in / tenderwizard.com),2023-2025,Verified,Supporting,SBI-DN-Nagar-Andheri-122-Flats/05_Structural_Drawings/PART_E_Tender_Drawings.pdf,"Size: 2,221,560 bytes | Duplicate copy retained for structure"
"Redevelopment of SBI Staff Quarters at DN Nagar, Andheri (West), Mumbai",SBI/CC/LHO/MUM/2023-24/02,Tower 1 (Executive Quarters High-Rise),00_Core_Intelligence_Dataset,PART_F_FINANCIAL_BID.pdf,00_Core_Intelligence_Dataset/PART_F_FINANCIAL_BID.pdf,https://sbi.bank.in,State Bank of India (SBI),Official (sbi.bank.in / tenderwizard.com),2023-2025,Verified,Supporting,SBI-DN-Nagar-Andheri-122-Flats/02_Cost_BOQ_Makes/PART_F_FINANCIAL_BID.pdf,"Size: 1,472,797 bytes | Duplicate copy retained for structure"
"Redevelopment of SBI Staff Quarters at DN Nagar, Andheri (West), Mumbai",SBI/CC/LHO/MUM/2023-24/02,Tower 1 (Executive Quarters High-Rise),00_Core_Intelligence_Dataset,PART_F_PRICE_BID_AND_BOQ.pdf,00_Core_Intelligence_Dataset/PART_F_PRICE_BID_AND_BOQ.pdf,https://sbi.bank.in,State Bank of India (SBI),Official (sbi.bank.in / tenderwizard.com),2023-2025,Verified,Supporting,SBI-DN-Nagar-Andheri-122-Flats/02_Cost_BOQ_Makes/PART_F_PRICE_BID_AND_BOQ.pdf,"Size: 63,621 bytes | Duplicate copy retained for structure"
"Redevelopment of SBI Staff Quarters at DN Nagar, Andheri (West), Mumbai",SBI/CC/LHO/MUM/2023-24/02,Tower 1 (Executive Quarters High-Rise),01_Tender_NIT_PreBid,Corrigendum.pdf,01_Tender_NIT_PreBid/Corrigendum.pdf,https://sbi.bank.in,State Bank of India (SBI),Official (sbi.bank.in / tenderwizard.com),2023-2025,Verified,Model input,,"Size: 53,868 bytes"
"Redevelopment of SBI Staff Quarters at DN Nagar, Andheri (West), Mumbai",SBI/CC/LHO/MUM/2023-24/02,Tower 1 (Executive Quarters High-Rise),01_Tender_NIT_PreBid,NOTICE_INVITING_TENDER20250828084234367.pdf,01_Tender_NIT_PreBid/NOTICE_INVITING_TENDER20250828084234367.pdf,https://sbi.bank.in,State Bank of India (SBI),Official (sbi.bank.in / tenderwizard.com),2023-2025,Verified,Model input,,"Size: 1,046,842 bytes"
"Redevelopment of SBI Staff Quarters at DN Nagar, Andheri (West), Mumbai",SBI/CC/LHO/MUM/2023-24/02,Tower 1 (Executive Quarters High-Rise),01_Tender_NIT_PreBid,PREBID_QUERIES_REPLIES.pdf,01_Tender_NIT_PreBid/PREBID_QUERIES_REPLIES.pdf,https://sbi.bank.in,State Bank of India (SBI),Official (sbi.bank.in / tenderwizard.com),2023-2025,Verified,Model input,,"Size: 149,528 bytes"
"Redevelopment of SBI Staff Quarters at DN Nagar, Andheri (West), Mumbai",SBI/CC/LHO/MUM/2023-24/02,Tower 1 (Executive Quarters High-Rise),02_Cost_BOQ_Makes,PART_F_FINANCIAL_BID.pdf,02_Cost_BOQ_Makes/PART_F_FINANCIAL_BID.pdf,https://sbi.bank.in,State Bank of India (SBI),Official (sbi.bank.in / tenderwizard.com),2023-2025,Verified,Validation,,"Size: 1,472,797 bytes | Itemized/Turnkey BOQ validation"
"Redevelopment of SBI Staff Quarters at DN Nagar, Andheri (West), Mumbai",SBI/CC/LHO/MUM/2023-24/02,Tower 1 (Executive Quarters High-Rise),02_Cost_BOQ_Makes,PART_F_PRICE_BID_AND_BOQ.pdf,02_Cost_BOQ_Makes/PART_F_PRICE_BID_AND_BOQ.pdf,https://sbi.bank.in,State Bank of India (SBI),Official (sbi.bank.in / tenderwizard.com),2023-2025,Verified,Validation,,"Size: 63,621 bytes | Itemized/Turnkey BOQ validation"
"Redevelopment of SBI Staff Quarters at DN Nagar, Andheri (West), Mumbai",SBI/CC/LHO/MUM/2023-24/02,Tower 1 (Executive Quarters High-Rise),03_Technical_Specifications_Reports,PART_B_GCC.pdf,03_Technical_Specifications_Reports/PART_B_GCC.pdf,https://sbi.bank.in,State Bank of India (SBI),Official (sbi.bank.in / tenderwizard.com),2023-2025,Verified,Model input,,"Size: 1,248,071 bytes | Primary technical drawing/spec"
"Redevelopment of SBI Staff Quarters at DN Nagar, Andheri (West), Mumbai",SBI/CC/LHO/MUM/2023-24/02,Tower 1 (Executive Quarters High-Rise),03_Technical_Specifications_Reports,PART_C_SCC.pdf,03_Technical_Specifications_Reports/PART_C_SCC.pdf,https://sbi.bank.in,State Bank of India (SBI),Official (sbi.bank.in / tenderwizard.com),2023-2025,Verified,Model input,,"Size: 1,009,938 bytes | Primary technical drawing/spec"
"Redevelopment of SBI Staff Quarters at DN Nagar, Andheri (West), Mumbai",SBI/CC/LHO/MUM/2023-24/02,Tower 1 (Executive Quarters High-Rise),03_Technical_Specifications_Reports,PART_D_TECH_SPEC.pdf,03_Technical_Specifications_Reports/PART_D_TECH_SPEC.pdf,https://sbi.bank.in,State Bank of India (SBI),Official (sbi.bank.in / tenderwizard.com),2023-2025,Verified,Supporting,SBI-DN-Nagar-Andheri-122-Flats/06_MEP_Services/PART_D_TECH_SPEC.pdf,"Size: 2,205,680 bytes | Duplicate copy retained for structure"
"Redevelopment of SBI Staff Quarters at DN Nagar, Andheri (West), Mumbai",SBI/CC/LHO/MUM/2023-24/02,Tower 1 (Executive Quarters High-Rise),04_Architectural_Drawings,PART_E_Tender_Drawings.pdf,04_Architectural_Drawings/PART_E_Tender_Drawings.pdf,https://sbi.bank.in,State Bank of India (SBI),Official (sbi.bank.in / tenderwizard.com),2023-2025,Verified,Supporting,SBI-DN-Nagar-Andheri-122-Flats/05_Structural_Drawings/PART_E_Tender_Drawings.pdf,"Size: 2,221,560 bytes | Duplicate copy retained for structure"
"Redevelopment of SBI Staff Quarters at DN Nagar, Andheri (West), Mumbai",SBI/CC/LHO/MUM/2023-24/02,Tower 1 (Executive Quarters High-Rise),05_Structural_Drawings,PART_E_Tender_Drawings.pdf,05_Structural_Drawings/PART_E_Tender_Drawings.pdf,https://sbi.bank.in,State Bank of India (SBI),Official (sbi.bank.in / tenderwizard.com),2023-2025,Verified,Model input,,"Size: 2,221,560 bytes | Primary technical drawing/spec"
"Redevelopment of SBI Staff Quarters at DN Nagar, Andheri (West), Mumbai",SBI/CC/LHO/MUM/2023-24/02,Tower 1 (Executive Quarters High-Rise),06_MEP_Services,PART_D_TECH_SPEC.pdf,06_MEP_Services/PART_D_TECH_SPEC.pdf,https://sbi.bank.in,State Bank of India (SBI),Official (sbi.bank.in / tenderwizard.com),2023-2025,Verified,Supporting,,"Size: 2,205,680 bytes | Supporting engineering data"
"Redevelopment of SBI Staff Quarters at DN Nagar, Andheri (West), Mumbai",SBI/CC/LHO/MUM/2023-24/02,Tower 1 (Executive Quarters High-Rise),07_Landscape_Infrastructure,PART_E_Tender_Drawings.pdf,07_Landscape_Infrastructure/PART_E_Tender_Drawings.pdf,https://sbi.bank.in,State Bank of India (SBI),Official (sbi.bank.in / tenderwizard.com),2023-2025,Verified,Supporting,SBI-DN-Nagar-Andheri-122-Flats/05_Structural_Drawings/PART_E_Tender_Drawings.pdf,"Size: 2,221,560 bytes | Duplicate copy retained for structure"
