project_id,folder_name,total_files,total_size_mb,pdf_count,csv_count,json_count,md_count,html_count,png_count,gitkeep_count,max_pdf_size_mb,max_pdf_name,has_readme,has_file_manifest_csv,has_file_manifest_json,has_project_metadata,has_selected_tower_inputs,has_scope_lock,folder_pattern,top_level_dir_count,catalog_classification,catalog_completeness,catalog_tender_cost_cr,refinement_class,refinement_scope,refinement_missing
NOT_IN_CATALOG,13_Corpus_Audit,0,0.0,0,0,0,0,0,0,0,0.0,,False,False,False,False,False,False,non_standard,0,NOT_IN_CATALOG,,,NOT_IN_REPORT,,
PRJ-30,AIIMS-Delhi-150-Units-Staff-Quarters,23,1.1,1,1,0,11,0,0,10,1.08,CPWD_Plinth_Area_Rates_Residential_High_Rise.pdf,True,True,False,False,False,False,standard_10,10,Reject (No Public Documents Found),0% (0/7),0.0,Reject,Unverified Candidate (Hypothetical G+12 Tower),"All primary tender, drawing, BOQ, and schedule documents (Project unverified in public domain)"
PRJ-11,BHEL-Township-Jagdishpur,36,61.12,17,1,0,10,0,0,8,7.17,NIT-GCC-SCC-DRG-SPEC-BOQ_Cover_Township_Final_Revised.pdf,True,True,False,False,False,False,standard_10,10,PSU Industrial Township (Silver),71% (5/7),65.0,Silver,Type-A Residential Quarters Block,Soil geotechnical investigation report
PRJ-06,BMC-Deonar-600-Tenements,48,120.01,14,1,1,11,0,0,17,14.25,ETH_7000022191_DRAWING-4.pdf,True,True,True,False,False,False,standard_10,17,Municipal High-Rise Turnkey,100% (7/7),385.0,Gold,Building 04 (Composite High-Rise Tower),None for Building 04 high-rise scope
PRJ-28,CPWD-BSF-Roopnagar-63-Quarters,13,1.1,1,1,0,11,0,0,0,1.08,Plinth_Area_Rates_Residential_CPWD.pdf,True,True,False,False,False,False,standard_10,10,Structural Design Consultancy Benchmark (Reference only),57% (4/7),0.08,Reference only,Type-II Quarters Block (BSF Campus),Architectural drawings (restricted reference) & physical construction BOQ
PRJ-29,CPWD-EPFO-Borivali-301-Quarters,13,1.1,1,1,0,11,0,0,0,1.08,CPWD_Plinth_Area_Rates_Residential_High_Rise.pdf,True,True,False,False,False,False,standard_10,10,High-Rise EPC Benchmark (Reference only),57% (4/7),337.06,Reference only,Tower 1 (EPFO Residential Skyscraper),GFC architectural/structural drawings and itemized contractor trade rates (restricted to registered bidders)
PRJ-07,CPWD-RBI-Kharghar-354-Quarters,65,0.08,14,1,1,21,0,0,24,0.0,01_Master_Project_Charter_and_Scope_Document.pdf,True,True,True,False,False,False,standard_10,18,Government / Central Banking,86% (6/7),285.0,Silver,Tower 1 (RBI Staff Quarters High-Rise),Structural framing drawing sheets
PRJ-09,DFCCIL-Jaipur-Staff-Quarters,64,8.73,18,1,1,18,0,0,22,2.31,Tender_document_JP_EN_ZIHU.pdf,True,True,True,False,False,False,standard_10,18,Railway PSU Infrastructure,71% (5/7),8.8,Silver,Standard Type-3 Staff Quarters Block (Phulera),Detailed structural reinforcement drawings
PRJ-18,DFCCIL-Sarmatanr-Larabad-Koderma-Quarters,29,35.62,17,1,0,11,0,0,0,3.18,Tender_Document_Quarter_KQR_HZB_RJ3Y.pdf,True,True,False,False,False,False,standard_10,10,Railway PSU Housing (Reference only),71% (5/7),17.47,Reference only,Type-II Staff Quarters Block (Koderma),Architectural & structural drawings (restricted to physical inspection at DFCCIL Kolkata)
PRJ-15,EPI-Dhenkanal-ICDS-Staff-Quarters,23,63.04,18,1,0,3,0,0,1,20.71,volume02.pdf,True,True,False,False,False,False,standard_10,10,Central PSU Institutional Housing,86% (6/7),6.94,Silver,E-Type Staff Quarters Building,Structural bar bending schedule
PRJ-10,EPI-Trimbakeshwar-EMRS,53,26.33,9,1,1,20,0,0,17,25.59,1709981684_NIT334Rev.pdf,True,True,True,False,False,False,standard_10,17,Central PSU Educational Campus,86% (6/7),36.17,Silver,Boys' Hostel & Staff Quarters Block,Detailed structural working drawings (post-award deliverable)
PRJ-22,Haryana-RERA-Multi-Tower-Residential-Projects,23,1.03,0,1,0,11,11,0,0,0.0,,True,True,False,False,False,False,standard_10,10,Private Multi-Tower High-Rise Benchmark (Reference only),43% (3/7),388.01,Reference only,Ramprastha Edge Tower A (Benchmark High-Rise),Contractor itemized tender BOQ and GFC structural drawings
PRJ-26,IIT-Hyderabad-Faculty-Housing,21,132.66,9,1,0,11,0,0,0,34.78,Volume_03_Technical_Specs_Civil_Works.pdf,True,True,False,False,False,False,standard_10,10,Institutional High-Rise Precast Housing & Hostels (Gold),100% (7/7),254.65,Gold,Faculty Housing Tower 1 (Precast High-Rise),None (Full 6-volume official EPC pack verified)
PRJ-03,IIT-Kanpur-Type-II-Apartments,34,8.35,2,1,1,7,0,0,19,4.16,Tenderdocument44D3.pdf,True,True,True,False,False,False,standard_10,16,Government / Institutional,86% (6/7),32.29,Silver,Type-II Apartment Tower,Full structural reinforcement drawing pack
PRJ-04,K-RIDE-Belandur-Road-Quarters,38,14.78,4,1,1,8,0,0,20,3.9,HSRA-Staff-Quarters-Tender-Document.pdf,True,True,True,False,False,False,standard_10,17,Railway / Joint Venture,71% (5/7),14.75,Silver,Type-III Railway Staff Quarters Block,Detailed structural reinforcement drawings
PRJ-08,KMRL-Kochi-Metro-Muttom-Quarters,58,12.4,16,1,1,16,0,0,20,6.17,NIT-TENDER-DOCUMENT-STAFF-QUARTERS-AT-MUTTOM.pdf,True,True,True,False,False,False,standard_10,17,Metro Rail Joint Venture,71% (5/7),28.5,Silver,Type-III Multi-Storey Staff Quarters Tower,Standalone structural drawing sheets
PRJ-27,MHADA-Goregaon-LIG-MIG-HIG-Tenements,14,0.89,2,1,0,11,0,0,0,0.43,MHADA_Goregaon_Siddharth_Nagar_Turnkey_NIT_2024.pdf,True,True,False,False,False,False,standard_10,10,Turnkey High-Rise Housing Package (Silver),71% (5/7),1355.95,Silver,Plot R1 LIG High-Rise Tower,Working architectural & structural drawings (post-award EPC deliverables)
PRJ-19,MHDC-PMAY-Khairi-Kamptee-Nagpur,23,26.49,11,1,0,11,0,0,0,3.08,Bhilgaon_Package-2-VolumeI.pdf,True,True,False,False,False,False,standard_10,10,State PSU Affordable Housing (Silver),86% (6/7),204.68,Silver,Building B1 (LIG High-Rise Tower),Structural bar bending schedule (post-award design deliverable)
PRJ-05,NBCC-GPRA-Sarojini-Nagar,42,0.03,0,1,1,10,0,0,26,0.0,,True,True,True,False,False,False,standard_10,19,PSU Mega Redevelopment,71% (5/7),4250.0,Reference only,Package VI - Type-V Quarters Towers,"Architectural drawings, structural drawings, and itemized BOQ (restricted on e-Nivida portal)"
PRJ-01,NIT-Nalanda,140,15.32,14,13,1,15,0,0,92,2.1,finalnit25-03-17.pdf,True,True,True,False,False,True,standard_10,13,Government / Autonomous,100% (7/7),142.5,Gold,Faculty Apartments (Type 1B Block),None (Full package verified for Type-1B)
PRJ-14,NPCIL-Anuvijay-240-Quarters,25,3.47,8,3,0,5,0,0,9,0.84,EOI_Document_14062024_01.pdf,True,True,False,False,False,False,standard_10,10,Nuclear PSU Township,86% (6/7),155.0,Silver,D-Type Residential Quarters Tower (Block 1),Full geotechnical borehole log report
PRJ-02,OIL-RITES-Duliajan-BQ-Housing,237,301.32,43,97,3,54,0,16,10,26.32,Corrigendum-1-Technical_with_Drawings_Updated_pdf-2025-Sep-17-09-40-28.pdf,True,True,True,True,True,True,extended_pipeline,24,PSU / Turnkey EPC,100% (7/7),118.85,Gold,Type-BQ Residential Tower (Typical Block),None (Full turnkey EPC package verified)
PRJ-21,Paras-Dews-Sector-106-Gurugram,19,68.91,4,1,0,10,3,0,1,17.13,Paras_Dews_Master_Brochure_and_Floor_Plans.pdf,True,True,False,False,False,False,standard_10,10,Private Group Housing High-Rise (Reference only),43% (3/7),272.56,Reference only,Tower A (Single Residential High-Rise),Itemized contractor tender BOQ and structural working drawings (private developer confidential)
PRJ-25,Purvanchal-Sunbliss-Sector-22D-Yamuna-Expressway,17,2.56,4,1,0,11,1,0,0,0.72,PRJ301451357Sunbliss_ATS_FINALUpload_250325.pdf,True,True,False,False,False,False,standard_10,10,Private High-Rise Benchmark (Reference only),57% (4/7),767.31,Reference only,Tower T1 (Residential High-Rise Block),Public itemized contractor BOQ and structural calculations
PRJ-13,SBI-DN-Nagar-Andheri-122-Flats,23,24.22,19,1,0,1,0,0,2,2.12,PART_E_Tender_Drawings.pdf,True,True,False,False,False,False,standard_10,10,Banking PSU High-Rise EPC,86% (6/7),112.0,Silver,Tower 1 (Executive Quarters High-Rise),Standalone itemized trade rate BOQ (currently milestone-based)
PRJ-12,SBI-Enclave-Hyderabad,15,23.45,6,1,0,1,0,0,7,7.6,PART_D_Structural_DBR.pdf,True,True,False,False,False,False,standard_10,10,Banking PSU Residential,100% (7/7),85.0,Gold,Residential Tower Block (Officers' Quarters),None (Full package verified)
PRJ-20,SBI-GIFT-City-Twin-Towers,27,46.98,15,1,0,10,0,0,1,4.37,Price_Bid_BOQ_Revised_Corrigendum.pdf,True,True,False,False,False,False,standard_10,10,Banking PSU High-Rise Luxury (Silver),86% (6/7),253.33,Silver,Tower A (Block 41A Luxury High-Rise),GFC superstructure structural drawing pack (diaphragm wall drawings present)
PRJ-17,TCIL-NVS-JNV-Azamgarh-Quarters,27,49.06,15,1,0,11,0,0,0,7.09,Volume1_Technical_Bid_NIT_GCC_SCC_Specs.pdf,True,True,False,False,False,False,standard_10,10,Central PSU Institutional School Housing,86% (6/7),3.08,Silver,Type-II Staff Quarters Block,Structural working drawings (post-award contractor deliverable)
PRJ-24,UP-RERA-Residential-Towers-Floor-Plans,16,3.13,0,1,0,11,4,0,0,0.0,,True,True,False,False,False,False,standard_10,10,Private Multi-Tower High-Rise Benchmark (Reference only - Borderline Silver),57% (4/7),150.0,Reference only,Himalaya Pride Tower D (Approved Tower),Contractor tender BOQ and structural reinforcement drawings
PRJ-16,WB-PWD-Burdwan-Type-I-II-Quarters,14,0.15,2,3,0,8,0,0,1,0.06,WBF_2911_Tender_Form.pdf,True,True,False,False,False,False,standard_10,10,State PWD Staff Housing,86% (6/7),4.85,Silver,Type-II Quarters Block (2BHK Block),GFC structural reinforcement drawings
PRJ-23,WB-RERA-Multi-Tower-Residential-Projects,15,0.04,0,1,0,14,0,0,0,0.0,,True,True,False,False,False,False,standard_10,10,Private Multi-Tower Benchmark (Reference only - Borderline Silver),57% (4/7),120.0,Reference only,Tarang Tower 6 (Sanctioned High-Rise Tower),Public contractor itemized BOQ with unit rates
