project_folder,project_id,assigned_track,triage_reason,evidence_score,document_quality_tier,catalog_classification,refinement_class,refinement_scope,refinement_next_action
AIIMS-Delhi-150-Units-Staff-Quarters,PRJ-30,D,Formally rejected — no public tender documents found,1,MINIMAL,Reject (No Public Documents Found),Reject,Unverified Candidate (Hypothetical G+12 Tower),Do not use for training or estimation models; retain audit trail
BHEL-Township-Jagdishpur,PRJ-11,B,Has tender + BOQ but no separate drawing PDFs — drawings may be in tender volume,2,MINIMAL,PSU Industrial Township (Silver),Silver,Type-A Residential Quarters Block,Use for low-rise township cost and quantity modeling
BMC-Deonar-600-Tenements,PRJ-06,B,Has tender PDF but missing standalone BOQ — BOQ may be embedded in tender volume,4,PARTIAL,Municipal High-Rise Turnkey,Gold,Building 04 (Composite High-Rise Tower),Deploy for high-rise residential & podium model validation
CPWD-BSF-Roopnagar-63-Quarters,PRJ-28,C,Reference-only benchmark — RERA filings or analytical summaries only,1,MINIMAL,Structural Design Consultancy Benchmark (Reference only),Reference only,Type-II Quarters Block (BSF Campus),Benchmark CPWD structural design requirements for Seismic Zone IV
CPWD-EPFO-Borivali-301-Quarters,PRJ-29,C,Reference-only benchmark — RERA filings or analytical summaries only,1,MINIMAL,High-Rise EPC Benchmark (Reference only),Reference only,Tower 1 (EPFO Residential Skyscraper),Use for Mumbai coastal skyscraper duration and diaphragm wall estimation
CPWD-RBI-Kharghar-354-Quarters,PRJ-07,D,Empty framework — no downloadable documents on disk,0,EMPTY,Government / Central Banking,Silver,Tower 1 (RBI Staff Quarters High-Rise),Model high-rise institutional finishes and interior rates
DFCCIL-Jaipur-Staff-Quarters,PRJ-09,B,Has tender PDF but missing standalone BOQ — BOQ may be embedded in tender volume,1,MINIMAL,Railway PSU Infrastructure,Silver,Standard Type-3 Staff Quarters Block (Phulera),Benchmark railway operational staff quarter cost models
DFCCIL-Sarmatanr-Larabad-Koderma-Quarters,PRJ-18,A,Full pipeline candidate — arch + struct drawings + BOQ available,6,SUBSTANTIAL,Railway PSU Housing (Reference only),Reference only,Type-II Staff Quarters Block (Koderma),Use for railway staff housing trade rate validation
EPI-Dhenkanal-ICDS-Staff-Quarters,PRJ-15,A,Full pipeline candidate — arch + struct drawings + BOQ available,7,COMPREHENSIVE,Central PSU Institutional Housing,Silver,E-Type Staff Quarters Building,Execute quantity takeoff validation on Stilt+4 frame
EPI-Trimbakeshwar-EMRS,PRJ-10,B,Has tender PDF but missing standalone BOQ — BOQ may be embedded in tender volume,1,MINIMAL,Central PSU Educational Campus,Silver,Boys' Hostel & Staff Quarters Block,Model institutional hostel and staff quarter metrics
Haryana-RERA-Multi-Tower-Residential-Projects,PRJ-22,C,Reference-only project with no primary engineering documents,0,EMPTY,Private Multi-Tower High-Rise Benchmark (Reference only),Reference only,Ramprastha Edge Tower A (Benchmark High-Rise),Cross-validate high-rise cost per sq.ft. benchmarks across NCR
IIT-Hyderabad-Faculty-Housing,PRJ-26,B,Has tender + BOQ but no separate drawing PDFs — drawings may be in tender volume,4,PARTIAL,Institutional High-Rise Precast Housing & Hostels (Gold),Gold,Faculty Housing Tower 1 (Precast High-Rise),Model precast concrete high-rise execution speed and quantities
IIT-Kanpur-Type-II-Apartments,PRJ-03,B,Has tender PDF but missing standalone BOQ — BOQ may be embedded in tender volume,1,MINIMAL,Government / Institutional,Silver,Type-II Apartment Tower,Use for institutional apartment block parametric estimation
K-RIDE-Belandur-Road-Quarters,PRJ-04,B,Has tender PDF but missing standalone BOQ — BOQ may be embedded in tender volume,1,MINIMAL,Railway / Joint Venture,Silver,Type-III Railway Staff Quarters Block,Incorporate railway suburban housing takeoff rates
KMRL-Kochi-Metro-Muttom-Quarters,PRJ-08,B,Has tender PDF but missing standalone BOQ — BOQ may be embedded in tender volume,1,MINIMAL,Metro Rail Joint Venture,Silver,Type-III Multi-Storey Staff Quarters Tower,Evaluate metro housing parametric cost and duration
MHADA-Goregaon-LIG-MIG-HIG-Tenements,PRJ-27,B,Has tender PDF but missing standalone BOQ — BOQ may be embedded in tender volume,1,MINIMAL,Turnkey High-Rise Housing Package (Silver),Silver,Plot R1 LIG High-Rise Tower,Calibrate Mumbai high-rise turnkey execution costs
MHDC-PMAY-Khairi-Kamptee-Nagpur,PRJ-19,A,Full pipeline candidate — arch + struct drawings + BOQ available,6,SUBSTANTIAL,State PSU Affordable Housing (Silver),Silver,Building B1 (LIG High-Rise Tower),Benchmark high-rise affordable housing PMAY metrics
NBCC-GPRA-Sarojini-Nagar,PRJ-05,D,Empty framework — no downloadable documents on disk,0,EMPTY,PSU Mega Redevelopment,Reference only,Package VI - Type-V Quarters Towers,Retain as multi-package township benchmarking reference
NIT-Nalanda,PRJ-01,A_IN_PROGRESS,"Second pilot — Phase 1 document audit complete, resume from Phase 4",4,PARTIAL,Government / Autonomous,Gold,Faculty Apartments (Type 1B Block),Ready for quantity takeoff & cost modeling prototype
NPCIL-Anuvijay-240-Quarters,PRJ-14,B,Has tender + BOQ but no separate drawing PDFs — drawings may be in tender volume,3,PARTIAL,Nuclear PSU Township,Silver,D-Type Residential Quarters Tower (Block 1),Model coastal heavy concrete and reinforcement ratios
OIL-RITES-Duliajan-BQ-Housing,PRJ-02,A_COMPLETE,Production pilot — complete through Phase 12,5,SUBSTANTIAL,PSU / Turnkey EPC,Gold,Type-BQ Residential Tower (Typical Block),Ready for turnkey EPC multi-storey quantity estimation
Paras-Dews-Sector-106-Gurugram,PRJ-21,C,Reference-only benchmark — RERA filings or analytical summaries only,1,MINIMAL,Private Group Housing High-Rise (Reference only),Reference only,Tower A (Single Residential High-Rise),Benchmark private high-rise NCR developer cost ratios
Purvanchal-Sunbliss-Sector-22D-Yamuna-Expressway,PRJ-25,B,Has tender + BOQ but no separate drawing PDFs — drawings may be in tender volume,4,PARTIAL,Private High-Rise Benchmark (Reference only),Reference only,Tower T1 (Residential High-Rise Block),Benchmark MIVAN high-rise construction speed and cost ratios
SBI-DN-Nagar-Andheri-122-Flats,PRJ-13,A,Full pipeline candidate — arch + struct drawings + BOQ available,5,SUBSTANTIAL,Banking PSU High-Rise EPC,Silver,Tower 1 (Executive Quarters High-Rise),Validate coastal high-rise structural quantities
SBI-Enclave-Hyderabad,PRJ-12,B,Has tender PDF but missing standalone BOQ — BOQ may be embedded in tender volume,2,MINIMAL,Banking PSU Residential,Gold,Residential Tower Block (Officers' Quarters),Use for mid-rise residential banking enclave estimation
SBI-GIFT-City-Twin-Towers,PRJ-20,A,Full pipeline candidate — arch + struct drawings + BOQ available,6,SUBSTANTIAL,Banking PSU High-Rise Luxury (Silver),Silver,Tower A (Block 41A Luxury High-Rise),Execute deep basement and luxury skyscraper estimation
TCIL-NVS-JNV-Azamgarh-Quarters,PRJ-17,A,Full pipeline candidate — arch + struct drawings + BOQ available,5,SUBSTANTIAL,Central PSU Institutional School Housing,Silver,Type-II Staff Quarters Block,Deploy for low-rise residential school quarters estimation
UP-RERA-Residential-Towers-Floor-Plans,PRJ-24,C,Reference-only project with no primary engineering documents,0,EMPTY,Private Multi-Tower High-Rise Benchmark (Reference only - Borderline Silver),Reference only,Himalaya Pride Tower D (Approved Tower),Use for high-rise unit configuration and spatial modeling
WB-PWD-Burdwan-Type-I-II-Quarters,PRJ-16,B,Minimal evidence (1/9) — needs document acquisition or deeper extraction,1,MINIMAL,State PWD Staff Housing,Silver,Type-II Quarters Block (2BHK Block),Calibrate state PWD Schedule of Rates (SOR) pricing
WB-RERA-Multi-Tower-Residential-Projects,PRJ-23,C,Reference-only project with no primary engineering documents,0,EMPTY,Private Multi-Tower Benchmark (Reference only - Borderline Silver),Reference only,Tarang Tower 6 (Sanctioned High-Rise Tower),Validate eastern India mid-rise residential floor plate takeoff
