BOQ Item No,Item Description / Scope Summary,Quantity,Unit,Rate Basis,BOQ File Source,Page Ref,Scope Category,Contains Itemwise Construction Quantities
1.01,Residential Blocks (Stilt+6) - Total 08 Towers (Tentative Plinth Area: 8 * 3419.38 = 27355 Sq.m) - Complete EPC scope including survey geotechnical design structural MEP finishes lift external services integration,27355.00,sq.m,Lump Sum Component,BoQ_3_Plumbing_Sanitary_pdf-2025-Aug-28-17-28-6.pdf,Page 1,TOWER_HOUSING_SCOPE,FALSE (EPC Lump-Sum Area Scope)
1.02,Guest House (G+3) (Tentative Plinth Area: 1990 Sq.m) - Design & Construction of RCC framed structure including services,1990.00,sq.m,Lump Sum Component,BoQ_3_Plumbing_Sanitary_pdf-2025-Aug-28-17-28-6.pdf,Page 1,GUEST_HOUSE_EXCLUDED,FALSE (EPC Lump-Sum Area Scope)
1.03,Community Centre (G+1) (Tentative Plinth Area: 1035 Sq.m) - Design & Construction of RCC framed structure including services,1035.00,sq.m,Lump Sum Component,BoQ_3_Plumbing_Sanitary_pdf-2025-Aug-28-17-28-6.pdf,Page 1,COMMUNITY_CENTRE_EXCLUDED,FALSE (EPC Lump-Sum Area Scope)
1.04,SUB STATION & PANEL ROOM / Electrical Sub-Station (Single Storey) (Tentative Plinth Area: 368 Sq.m) - RCC structure & electrical equipment,368.00,sq.m,Lump Sum Component,BoQ_3_Plumbing_Sanitary_pdf-2025-Aug-28-17-28-6.pdf,Page 2,SUBSTATION_EXCLUDED,FALSE (EPC Lump-Sum Area Scope)
1.05,External development works including other ancillary infrastructure (Overall Ground Area: tentatively about 24675 Sqm),24675.00,sq.m,Lump Sum Component,BoQ_3_Plumbing_Sanitary_pdf-2025-Aug-28-17-28-6.pdf,Page 2,EXTERNAL_DEV_EXCLUDED,FALSE (EPC Lump-Sum Area Scope)
1.06,(a) Guard rooms with toilet - 02 Nos. (35 sqm x 2 = 70 sqm) and Security hut (6 sqm) - Single storey RCC structures,76.00,sq.m,Lump Sum Component,BoQ_3_Plumbing_Sanitary_pdf-2025-Aug-28-17-28-6.pdf,Page 2,ANCILLARY_EXCLUDED,FALSE (EPC Lump-Sum Area Scope)
1.07,(b) Boundary Wall (3.6m Height from outside road level) length approx 768m along plot boundary including gates & entrance structure,768.00,m,Lump Sum Component,BoQ_3_Plumbing_Sanitary_pdf-2025-Aug-28-17-28-6.pdf,Page 2,BOUNDARY_EXCLUDED,FALSE (EPC Lump-Sum Area Scope)
1.08,(c) Parking shed - Cantilever type with structural steel frame work and profiled GS sheet roofing,1.00,Lump Sum,Lump Sum Component,BoQ_3_Plumbing_Sanitary_pdf-2025-Aug-28-17-28-6.pdf,Page 2,PARKING_SHED_EXCLUDED,FALSE (EPC Lump-Sum Area Scope)
1.09,(d) Other External development works: internal roads on-street parking paths culverts UGWT pump room STP storm drainage RWH street lights landscape,1.00,Lump Sum,Lump Sum Component,BoQ_3_Plumbing_Sanitary_pdf-2025-Aug-28-17-28-6.pdf,Page 2,SITE_WORKS_EXCLUDED,FALSE (EPC Lump-Sum Area Scope)
1.10,Statutory approvals local body clearances CTO water/electric connection GRIHA 3-star rating As-built drawings DLP of 24 months,1.00,Lump Sum,Lump Sum Component,BoQ_3_Plumbing_Sanitary_pdf-2025-Aug-28-17-28-6.pdf,Page 3,GENERAL_PROJECT_OBLIGATIONS,FALSE (EPC Lump-Sum Area Scope)
